[
  {
    "id": "doctor:1764556043938",
    "salesRepId": "rep1",
    "doctorId": "1764556043938",
    "referralId": null,
    "contactFormId": null,
    "status": "pending",
    "notes": "hi",
    "isManual": false,
    "contactName": null,
    "contactEmail": null,
    "contactPhone": null,
    "createdAt": "2025-12-18T18:08:14.180Z",
    "updatedAt": "2025-12-18T18:08:17.804Z"
  },
  {
    "id": "manual:cd3cc235-efb2-43e3-ba3a-5390f39156f2",
    "salesRepId": "rep1",
    "doctorId": null,
    "referralId": null,
    "contactFormId": null,
    "status": "converted",
    "notes": null,
    "isManual": true,
    "contactName": "Mr. Peter J. Gibbons",
    "contactEmail": "petergibbons7@icloud.com",
    "contactPhone": null,
    "createdAt": "2025-12-18T18:08:56.903Z",
    "updatedAt": "2025-12-18T18:08:56.903Z"
  },
  {
    "id": "manual:3ccc2f45-35e0-4b8d-a6f8-671f098f26e3",
    "salesRepId": "rep1",
    "doctorId": null,
    "referralId": null,
    "contactFormId": null,
    "status": "converted",
    "notes": "",
    "isManual": true,
    "contactName": "Jackelyn Kelley",
    "contactEmail": "diggledadiggz@gmail.com",
    "contactPhone": "6302584773",
    "createdAt": "2025-12-18T18:08:59.790Z",
    "updatedAt": "2025-12-18T18:53:29.349Z"
  },
  {
    "id": "manual:15b51790-921b-4d39-9697-17a4a893e6c7",
    "salesRepId": "rep1",
    "doctorId": null,
    "referralId": null,
    "contactFormId": null,
    "status": "contacted",
    "notes": "I love software!",
    "isManual": true,
    "contactName": "pgibby",
    "contactEmail": "pgibby@test.com",
    "contactPhone": "3324067733",
    "resellerPermitExempt": false,
    "resellerPermitFilePath": "uploads/reseller-permits/reseller_permit_1766120895772_ddd4596ddd75c929.pdf",
    "resellerPermitFileName": "Peter_Gibbons_-_Medical_Records_Release.pdf",
    "resellerPermitUploadedAt": "2025-12-19T05:08:15.775Z",
    "createdAt": "2025-12-19T04:29:47.848Z",
    "updatedAt": "2025-12-19T05:32:24.623Z"
  },
  {
    "id": "764c8e5e-608f-4a12-aa8c-76b2cdfe2ebf",
    "salesRepId": "1763997705364",
    "doctorId": null,
    "referralId": "764c8e5e-608f-4a12-aa8c-76b2cdfe2ebf",
    "contactFormId": null,
    "status": "contacted",
    "notes": null,
    "isManual": false,
    "contactName": "JENNIFER ELLEN BLANKENSHIP",
    "contactEmail": "jblank@dr.com",
    "contactPhone": "1231231234",
    "createdAt": "2025-12-19T03:41:18.401Z",
    "updatedAt": "2025-12-19T03:41:18.401Z"
  }
]