[
  {
    "id": "764c8e5e-608f-4a12-aa8c-76b2cdfe2ebf",
    "referrerDoctorId": "1763997887996",
    "salesRepId": "1763997705364",
    "referredContactName": "JENNIFER ELLEN BLANKENSHIP",
    "referredContactEmail": "jblank@dr.com",
    "referredContactPhone": "1231231234",
    "status": "contacted",
    "notes": "Good rec.",
    "createdAt": "2025-12-08T21:08:10.389Z",
    "updatedAt": "2025-12-19T03:41:18.395Z",
    "referrerDoctorName": "Jackelyn Kelley",
    "referrerDoctorEmail": "diggledadiggz@gmail.com",
    "referrerDoctorPhone": "6302584773"
  },
  {
    "id": "manual:15b51790-921b-4d39-9697-17a4a893e6c7",
    "referrerDoctorId": null,
    "salesRepId": "rep1",
    "referredContactName": "pgibby",
    "referredContactEmail": "pgibby@test.com",
    "referredContactPhone": "3324067733",
    "status": "contacted",
    "notes": "test",
    "createdAt": "2025-12-18T06:48:43.328Z",
    "updatedAt": "2025-12-19T04:29:47.843Z",
    "referredContactHasAccount": false,
    "referredContactEligibleForCredit": false,
    "source": "manual"
  },
  {
    "id": "manual:bdd80a24-4fdf-426a-9d7e-f75a21a37dee",
    "referrerDoctorId": null,
    "salesRepId": "rep1",
    "referredContactName": "Jackelyn Kelley",
    "referredContactEmail": "diggledadiggz@gmail.com",
    "referredContactPhone": "6302584773",
    "status": "converted",
    "notes": null,
    "createdAt": "2025-12-18T06:51:46.332Z",
    "updatedAt": "2025-12-18T07:16:05.158Z",
    "referredContactHasAccount": true,
    "referredContactEligibleForCredit": false,
    "source": "manual"
  },
  {
    "id": "manual:cd3cc235-efb2-43e3-ba3a-5390f39156f2",
    "referrerDoctorId": null,
    "salesRepId": "rep1",
    "referredContactName": "Mr. Peter J. Gibbons",
    "referredContactEmail": "petergibbons7@icloud.com",
    "referredContactPhone": null,
    "status": "converted",
    "notes": null,
    "createdAt": "2025-12-18T18:08:56.898Z",
    "updatedAt": "2025-12-18T18:08:56.898Z",
    "referredContactHasAccount": true,
    "referredContactEligibleForCredit": false,
    "source": "manual"
  },
  {
    "id": "manual:3ccc2f45-35e0-4b8d-a6f8-671f098f26e3",
    "referrerDoctorId": null,
    "salesRepId": "rep1",
    "referredContactName": "Jackelyn Kelley",
    "referredContactEmail": "diggledadiggz@gmail.com",
    "referredContactPhone": "6302584773",
    "status": "converted",
    "notes": null,
    "createdAt": "2025-12-18T18:08:59.776Z",
    "updatedAt": "2025-12-18T18:08:59.776Z",
    "referredContactHasAccount": true,
    "referredContactEligibleForCredit": false,
    "source": "manual"
  }
]