[
  {
    "id": "764c8e5e-608f-4a12-aa8c-76b2cdfe2ebf",
    "referrerDoctorId": "1763997887996",
    "salesRepId": "1763997705364",
    "referredContactName": "JENNIFER ELLEN BLANKENSHIP",
    "referredContactEmail": "jblank@dr.com",
    "referredContactPhone": "1231231234",
    "status": "contacted",
    "notes": "Good rec.",
    "createdAt": "2025-12-08T21:08:10.389Z",
    "updatedAt": "2025-12-08T22:28:47.713Z",
    "referrerDoctorName": "Jackelyn Kelley",
    "referrerDoctorEmail": "diggledadiggz@gmail.com",
    "referrerDoctorPhone": "6302584773"
  }
]