[
  {
    "id": "babc5c45-7136-40cc-abd5-ab9de5ba7648",
    "referrerDoctorId": "1763997887996",
    "salesRepId": "1763997705364",
    "referredContactName": "jimmy carterson",
    "referredContactEmail": "jcarter4@hotmail.com",
    "referredContactPhone": "1234561234",
    "status": "contacted",
    "notes": "Director of the Leisure Lariat hospital down the road.",
    "createdAt": "2025-12-07T20:16:15.450Z",
    "updatedAt": "2025-12-08T18:27:07.233Z",
    "referrerDoctorName": "Jackelyn Kelley",
    "referrerDoctorEmail": "diggledadiggz@gmail.com",
    "referrerDoctorPhone": "6302584773"
  }
]