[
  {
    "id": "1760382211429",
    "userId": "1759372218770",
    "items": [
      {
        "productId": "peptide-2",
        "name": "BPC-157 / TB-500 (10mg / 10mg)",
        "price": 0,
        "quantity": 5,
        "note": null
      }
    ],
    "total": 0,
    "referralCode": null,
    "referrerBonus": null,
    "status": "pending",
    "createdAt": "2025-10-13T19:03:31.429Z"
  },
  {
    "id": "1762992959938",
    "userId": "1759372218770",
    "items": [
      {
        "cartItemId": "woo-211::woo-variation-217",
        "productId": "woo-211",
        "variantId": "woo-variation-217",
        "name": "GLP-1 (Sema) — 20mg",
        "price": 164.92,
        "quantity": 1,
        "note": null
      }
    ],
    "total": 164.92,
    "referralCode": null,
    "status": "pending",
    "createdAt": "2025-11-13T00:15:59.938Z",
    "integrations": {
      "wooCommerce": "pending",
      "shipEngine": "skipped"
    }
  },
  {
    "id": "1763261490718",
    "userId": "1759372218770",
    "items": [
      {
        "cartItemId": "woo-211::woo-variation-217",
        "productId": "woo-211",
        "variantId": "woo-variation-217",
        "name": "GLP-1 (Sema) — 20mg",
        "price": 164.92,
        "quantity": 1,
        "note": null
      }
    ],
    "total": 164.92,
    "referralCode": null,
    "status": "pending",
    "createdAt": "2025-11-16T02:51:30.714Z",
    "integrations": {
      "wooCommerce": "pending",
      "shipEngine": "skipped"
    }
  },
  {
    "id": "1763261748845",
    "userId": "1759372218770",
    "items": [
      {
        "cartItemId": "woo-211::woo-variation-217",
        "productId": "woo-211",
        "variantId": "woo-variation-217",
        "name": "GLP-1 (Sema) — 20mg",
        "price": 164.92,
        "quantity": 1,
        "note": null
      }
    ],
    "total": 164.92,
    "referralCode": null,
    "status": "pending",
    "createdAt": "2025-11-16T02:55:48.839Z",
    "integrations": {
      "wooCommerce": "success",
      "shipEngine": "skipped"
    }
  },
  {
    "id": "1763261961328",
    "userId": "1759372218770",
    "items": [
      {
        "cartItemId": "woo-256::woo-variation-260",
        "productId": "woo-256",
        "variantId": "woo-variation-260",
        "name": "Dual Agonist GLP-1 + GIP (Tir) — 40mg",
        "price": 273.18,
        "quantity": 1,
        "note": null,
        "position": 1
      }
    ],
    "total": 273.18,
    "referralCode": null,
    "status": "pending",
    "createdAt": "2025-11-16T02:59:21.328Z",
    "integrations": {
      "wooCommerce": "pending",
      "shipEngine": "skipped"
    }
  },
  {
    "id": "1763262293941",
    "userId": "1759372218770",
    "items": [
      {
        "cartItemId": "woo-256::woo-variation-260",
        "productId": "woo-256",
        "variantId": "woo-variation-260",
        "name": "Dual Agonist GLP-1 + GIP (Tir) — 40mg",
        "price": 273.18,
        "quantity": 1,
        "note": null,
        "position": 1
      }
    ],
    "total": 273.18,
    "referralCode": null,
    "status": "pending",
    "createdAt": "2025-11-16T03:04:53.941Z",
    "integrations": {
      "wooCommerce": "pending",
      "shipEngine": "skipped"
    }
  },
  {
    "id": "1763262912101",
    "userId": "1759372218770",
    "items": [
      {
        "cartItemId": "woo-256::woo-variation-260",
        "productId": "woo-256",
        "variantId": "woo-variation-260",
        "name": "Dual Agonist GLP-1 + GIP (Tir) — 40mg",
        "price": 273.18,
        "quantity": 1,
        "note": null,
        "position": 1
      }
    ],
    "total": 273.18,
    "referralCode": null,
    "status": "pending",
    "createdAt": "2025-11-16T03:15:12.101Z",
    "integrations": {
      "wooCommerce": "pending",
      "shipEngine": "skipped"
    }
  },
  {
    "id": "1763262992291",
    "userId": "1759372218770",
    "items": [
      {
        "cartItemId": "woo-256::woo-variation-260",
        "productId": "woo-256",
        "variantId": "woo-variation-260",
        "name": "Dual Agonist GLP-1 + GIP (Tir) — 40mg",
        "price": 273.18,
        "quantity": 1,
        "note": null,
        "position": 1
      }
    ],
    "total": 273.18,
    "referralCode": null,
    "status": "pending",
    "createdAt": "2025-11-16T03:16:32.291Z",
    "integrations": {
      "wooCommerce": "pending",
      "shipEngine": "skipped"
    }
  },
  {
    "id": "1763263109624",
    "userId": "1759372218770",
    "items": [
      {
        "cartItemId": "woo-256::woo-variation-260",
        "productId": "woo-256",
        "variantId": "woo-variation-260",
        "name": "Dual Agonist GLP-1 + GIP (Tir) — 40mg",
        "price": 273.18,
        "quantity": 2,
        "note": null,
        "position": 1
      }
    ],
    "total": 546.36,
    "referralCode": null,
    "status": "pending",
    "createdAt": "2025-11-16T03:18:29.624Z",
    "integrations": {
      "wooCommerce": "pending",
      "shipEngine": "skipped"
    }
  },
  {
    "id": "1763263416071",
    "userId": "1759372218770",
    "items": [
      {
        "cartItemId": "woo-256::woo-variation-260",
        "productId": "woo-256",
        "variantId": "woo-variation-260",
        "name": "Dual Agonist GLP-1 + GIP (Tir) — 40mg",
        "price": 273.18,
        "quantity": 1,
        "note": null,
        "position": 1
      }
    ],
    "total": 273.18,
    "referralCode": null,
    "status": "pending",
    "createdAt": "2025-11-16T03:23:36.071Z",
    "integrations": {
      "wooCommerce": "pending",
      "shipEngine": "skipped"
    }
  },
  {
    "id": "1763263628264",
    "userId": "1759372218770",
    "items": [
      {
        "cartItemId": "woo-256::woo-variation-260",
        "productId": "woo-256",
        "variantId": "woo-variation-260",
        "name": "Dual Agonist GLP-1 + GIP (Tir) — 40mg",
        "price": 273.18,
        "quantity": 1,
        "note": null,
        "position": 1
      }
    ],
    "total": 273.18,
    "referralCode": null,
    "status": "pending",
    "createdAt": "2025-11-16T03:27:08.264Z",
    "integrations": {
      "wooCommerce": "pending",
      "shipEngine": "skipped"
    }
  },
  {
    "id": "1763264261084",
    "userId": "1759372218770",
    "items": [
      {
        "cartItemId": "woo-211::woo-variation-217",
        "productId": "woo-211",
        "variantId": "woo-variation-217",
        "name": "GLP-1 (Sema) — 20mg",
        "price": 164.92,
        "quantity": 1,
        "note": null,
        "position": 1
      }
    ],
    "total": 164.92,
    "referralCode": null,
    "status": "pending",
    "createdAt": "2025-11-16T03:37:41.084Z",
    "integrations": {
      "wooCommerce": "success",
      "shipEngine": "skipped"
    },
    "integrationDetails": {
      "wooCommerce": {
        "status": "success",
        "payload": {
          "status": "pending",
          "customer_note": "",
          "set_paid": false,
          "line_items": [
            {
              "name": "GLP-1 (Sema) — 20mg",
              "sku": "woo-211",
              "quantity": 1,
              "total": "164.92",
              "meta_data": []
            }
          ],
          "meta_data": [
            {
              "key": "peppro_order_id",
              "value": "1763264261084"
            },
            {
              "key": "peppro_total",
              "value": 164.92
            },
            {
              "key": "peppro_created_at",
              "value": "2025-11-16T03:37:41.084Z"
            }
          ],
          "billing": {
            "first_name": "Mr. Peter J. Gibbons",
            "email": "diggleda@icloud.com"
          }
        },
        "response": {
          "id": 297,
          "number": "297",
          "status": "pending"
        }
      },
      "shipEngine": {
        "status": "skipped",
        "reason": "not_configured"
      }
    }
  },
  {
    "id": "1763264516508",
    "userId": "1759372218770",
    "items": [
      {
        "cartItemId": "woo-256::woo-variation-260",
        "productId": "woo-256",
        "variantId": "woo-variation-260",
        "name": "Dual Agonist GLP-1 + GIP (Tir) — 40mg",
        "price": 273.18,
        "quantity": 21,
        "note": null,
        "position": 1
      }
    ],
    "total": 5736.78,
    "referralCode": null,
    "status": "pending",
    "createdAt": "2025-11-16T03:41:56.508Z",
    "integrations": {
      "wooCommerce": "success",
      "shipEngine": "skipped"
    },
    "integrationDetails": {
      "wooCommerce": {
        "status": "success",
        "payload": {
          "status": "pending",
          "customer_note": "",
          "set_paid": false,
          "line_items": [
            {
              "name": "Dual Agonist GLP-1 + GIP (Tir) — 40mg",
              "sku": "woo-256",
              "quantity": 21,
              "total": "5736.78",
              "meta_data": []
            }
          ],
          "meta_data": [
            {
              "key": "peppro_order_id",
              "value": "1763264516508"
            },
            {
              "key": "peppro_total",
              "value": 5736.78
            },
            {
              "key": "peppro_created_at",
              "value": "2025-11-16T03:41:56.508Z"
            }
          ],
          "billing": {
            "first_name": "Mr. Peter J. Gibbons",
            "email": "diggleda@icloud.com"
          }
        },
        "response": {
          "id": 298,
          "number": "298",
          "status": "pending"
        }
      },
      "shipEngine": {
        "status": "skipped",
        "reason": "not_configured"
      }
    }
  },
  {
    "id": "1763265139071",
    "userId": "1759372218770",
    "items": [
      {
        "cartItemId": "woo-256::woo-variation-258",
        "productId": "woo-256",
        "variantId": "woo-variation-258",
        "name": "Dual Agonist GLP-1 + GIP (Tir) — 10mg",
        "price": 120.09,
        "quantity": 3,
        "note": null,
        "position": 1
      }
    ],
    "total": 360.27,
    "referralCode": null,
    "status": "pending",
    "createdAt": "2025-11-16T03:52:19.071Z",
    "integrations": {
      "wooCommerce": "success",
      "shipEngine": "skipped"
    },
    "integrationDetails": {
      "wooCommerce": {
        "status": "success",
        "payload": {
          "status": "pending",
          "customer_note": "",
          "set_paid": false,
          "line_items": [
            {
              "name": "Dual Agonist GLP-1 + GIP (Tir) — 10mg",
              "sku": "woo-256",
              "quantity": 3,
              "total": "360.27",
              "meta_data": []
            }
          ],
          "meta_data": [
            {
              "key": "peppro_order_id",
              "value": "1763265139071"
            },
            {
              "key": "peppro_total",
              "value": 360.27
            },
            {
              "key": "peppro_created_at",
              "value": "2025-11-16T03:52:19.071Z"
            }
          ],
          "billing": {
            "first_name": "Mr. Peter J. Gibbons",
            "email": "diggleda@icloud.com"
          }
        },
        "response": {
          "id": 299,
          "number": "299",
          "status": "pending"
        }
      },
      "shipEngine": {
        "status": "skipped",
        "reason": "not_configured"
      }
    }
  },
  {
    "id": "1763265358767",
    "userId": "1759372218770",
    "items": [
      {
        "cartItemId": "woo-256::woo-variation-259",
        "productId": "woo-256",
        "variantId": "woo-variation-259",
        "name": "Dual Agonist GLP-1 + GIP (Tir) — 20mg",
        "price": 177.09,
        "quantity": 4,
        "note": null,
        "position": 1
      }
    ],
    "total": 708.36,
    "referralCode": null,
    "status": "pending",
    "createdAt": "2025-11-16T03:55:58.767Z",
    "integrations": {
      "wooCommerce": "success",
      "shipEngine": "skipped"
    },
    "integrationDetails": {
      "wooCommerce": {
        "status": "success",
        "payload": {
          "status": "pending",
          "customer_note": "",
          "set_paid": false,
          "line_items": [
            {
              "name": "Dual Agonist GLP-1 + GIP (Tir) — 20mg",
              "sku": "woo-256",
              "quantity": 4,
              "total": "708.36",
              "meta_data": []
            }
          ],
          "meta_data": [
            {
              "key": "peppro_order_id",
              "value": "1763265358767"
            },
            {
              "key": "peppro_total",
              "value": 708.36
            },
            {
              "key": "peppro_created_at",
              "value": "2025-11-16T03:55:58.767Z"
            }
          ],
          "billing": {
            "first_name": "Mr. Peter J. Gibbons",
            "email": "diggleda@icloud.com"
          }
        },
        "response": {
          "id": 300,
          "number": "300",
          "status": "pending"
        }
      },
      "shipEngine": {
        "status": "skipped",
        "reason": "not_configured"
      }
    }
  },
  {
    "id": "1763265499398",
    "userId": "1759372218770",
    "items": [
      {
        "cartItemId": "woo-256::woo-variation-260",
        "productId": "woo-256",
        "variantId": "woo-variation-260",
        "name": "Dual Agonist GLP-1 + GIP (Tir) — 40mg",
        "price": 273.18,
        "quantity": 1,
        "note": null,
        "position": 1
      }
    ],
    "total": 273.18,
    "referralCode": null,
    "status": "pending",
    "createdAt": "2025-11-16T03:58:19.398Z",
    "integrations": {
      "wooCommerce": "success",
      "shipEngine": "skipped"
    },
    "integrationDetails": {
      "wooCommerce": {
        "status": "success",
        "payload": {
          "status": "pending",
          "created_via": "peppro_app",
          "customer_note": "",
          "set_paid": false,
          "line_items": [
            {
              "name": "Dual Agonist GLP-1 + GIP (Tir) — 40mg",
              "sku": "woo-256",
              "quantity": 1,
              "total": "273.18",
              "meta_data": []
            }
          ],
          "meta_data": [
            {
              "key": "peppro_order_id",
              "value": "1763265499398"
            },
            {
              "key": "peppro_total",
              "value": 273.18
            },
            {
              "key": "peppro_created_at",
              "value": "2025-11-16T03:58:19.398Z"
            },
            {
              "key": "peppro_origin",
              "value": "PepPro Web Checkout"
            }
          ],
          "billing": {
            "first_name": "Mr. Peter J. Gibbons",
            "email": "diggleda@icloud.com"
          }
        },
        "response": {
          "id": 301,
          "number": "301",
          "status": "pending",
          "payment_url": "https://shop.peppro.net/checkout/order-pay/301/?pay_for_order=true&key=wc_order_DEVApAAMi52aJ",
          "order_key": "wc_order_DEVApAAMi52aJ"
        }
      },
      "shipEngine": {
        "status": "skipped",
        "reason": "not_configured"
      }
    }
  },
  {
    "id": "1763320167978",
    "userId": "1759372218770",
    "items": [
      {
        "cartItemId": "woo-211::woo-variation-217",
        "productId": "woo-211",
        "variantId": "woo-variation-217",
        "name": "GLP-1 (Sema) — 20mg",
        "price": 164.92,
        "quantity": 200,
        "note": null,
        "position": 1
      }
    ],
    "total": 32984,
    "referralCode": null,
    "status": "pending",
    "createdAt": "2025-11-16T19:09:27.978Z",
    "integrations": {
      "wooCommerce": "success",
      "shipEngine": "skipped"
    },
    "integrationDetails": {
      "wooCommerce": {
        "status": "success",
        "payload": {
          "status": "pending",
          "created_via": "peppro_app",
          "customer_note": "",
          "set_paid": false,
          "line_items": [
            {
              "name": "GLP-1 (Sema) — 20mg",
              "sku": "woo-211",
              "quantity": 200,
              "total": "32984.00",
              "meta_data": []
            }
          ],
          "meta_data": [
            {
              "key": "peppro_order_id",
              "value": "1763320167978"
            },
            {
              "key": "peppro_total",
              "value": 32984
            },
            {
              "key": "peppro_created_at",
              "value": "2025-11-16T19:09:27.978Z"
            },
            {
              "key": "peppro_origin",
              "value": "PepPro Web Checkout"
            }
          ],
          "billing": {
            "first_name": "Mr. Peter J. Gibbons",
            "email": "diggleda@icloud.com"
          }
        },
        "response": {
          "id": 302,
          "number": "302",
          "status": "pending",
          "payment_url": "https://shop.peppro.net/checkout/order-pay/302/?pay_for_order=true&key=wc_order_eV65QMxrDNz5C",
          "order_key": "wc_order_eV65QMxrDNz5C"
        }
      },
      "shipEngine": {
        "status": "skipped",
        "reason": "not_configured"
      }
    }
  },
  {
    "id": "1763321237588",
    "userId": "1759372218770",
    "items": [
      {
        "cartItemId": "woo-256::woo-variation-260",
        "productId": "woo-256",
        "variantId": "woo-variation-260",
        "name": "Dual Agonist GLP-1 + GIP (Tir) — 40mg",
        "price": 273.18,
        "quantity": 7,
        "note": null,
        "position": 1
      }
    ],
    "total": 1912.26,
    "referralCode": null,
    "status": "pending",
    "createdAt": "2025-11-16T19:27:17.588Z",
    "integrations": {
      "wooCommerce": "success",
      "shipEngine": "skipped"
    },
    "integrationDetails": {
      "wooCommerce": {
        "status": "success",
        "payload": {
          "status": "pending",
          "created_via": "peppro_app",
          "customer_note": "",
          "set_paid": false,
          "line_items": [
            {
              "name": "Dual Agonist GLP-1 + GIP (Tir) — 40mg",
              "sku": "woo-256",
              "quantity": 7,
              "total": "1912.26",
              "meta_data": []
            }
          ],
          "meta_data": [
            {
              "key": "peppro_order_id",
              "value": "1763321237588"
            },
            {
              "key": "peppro_total",
              "value": 1912.26
            },
            {
              "key": "peppro_created_at",
              "value": "2025-11-16T19:27:17.588Z"
            },
            {
              "key": "peppro_origin",
              "value": "PepPro Web Checkout"
            }
          ],
          "billing": {
            "first_name": "Mr. Peter J. Gibbons",
            "email": "diggleda@icloud.com"
          }
        },
        "response": {
          "id": 303,
          "number": "303",
          "status": "pending",
          "payment_url": "https://shop.peppro.net/checkout/order-pay/303/?pay_for_order=true&key=wc_order_gCQTDoFVxpaqL",
          "order_key": "wc_order_gCQTDoFVxpaqL"
        }
      },
      "shipEngine": {
        "status": "skipped",
        "reason": "not_configured"
      }
    }
  },
  {
    "id": "1763321979058",
    "userId": "1759372218770",
    "items": [
      {
        "cartItemId": "woo-211::woo-variation-215",
        "productId": "woo-211",
        "variantId": "woo-variation-215",
        "name": "GLP-1 (Sema) — 5mg",
        "price": 80.39,
        "quantity": 1,
        "note": null,
        "position": 1
      }
    ],
    "total": 80.39,
    "referralCode": null,
    "status": "pending",
    "createdAt": "2025-11-16T19:39:39.058Z",
    "integrations": {
      "wooCommerce": "success",
      "shipEngine": "skipped"
    },
    "integrationDetails": {
      "wooCommerce": {
        "status": "success",
        "payload": {
          "status": "pending",
          "created_via": "peppro_app",
          "customer_note": "",
          "set_paid": false,
          "line_items": [
            {
              "name": "GLP-1 (Sema) — 5mg",
              "sku": "woo-211",
              "quantity": 1,
              "total": "80.39",
              "meta_data": []
            }
          ],
          "meta_data": [
            {
              "key": "peppro_order_id",
              "value": "1763321979058"
            },
            {
              "key": "peppro_total",
              "value": 80.39
            },
            {
              "key": "peppro_created_at",
              "value": "2025-11-16T19:39:39.058Z"
            },
            {
              "key": "peppro_origin",
              "value": "PepPro Web Checkout"
            }
          ],
          "billing": {
            "first_name": "Mr. Peter J. Gibbons",
            "email": "diggleda@icloud.com"
          }
        },
        "response": {
          "id": 304,
          "number": "304",
          "status": "pending",
          "payment_url": "https://shop.peppro.net/checkout/order-pay/304/?pay_for_order=true&key=wc_order_RlPJh5fEwtc7v",
          "order_key": "wc_order_RlPJh5fEwtc7v"
        }
      },
      "shipEngine": {
        "status": "skipped",
        "reason": "not_configured"
      }
    }
  },
  {
    "id": "1763322461093",
    "userId": "1759372218770",
    "items": [
      {
        "cartItemId": "woo-211::woo-variation-217",
        "productId": "woo-211",
        "variantId": "woo-variation-217",
        "name": "GLP-1 (Sema) — 20mg",
        "price": 164.92,
        "quantity": 1,
        "note": null,
        "position": 1
      }
    ],
    "total": 164.92,
    "referralCode": null,
    "status": "pending",
    "createdAt": "2025-11-16T19:47:41.093Z",
    "integrations": {
      "wooCommerce": "success",
      "stripe": "success",
      "shipEngine": "skipped"
    },
    "integrationDetails": {
      "wooCommerce": {
        "status": "success",
        "payload": {
          "status": "pending",
          "created_via": "peppro_app",
          "customer_note": "",
          "set_paid": false,
          "line_items": [
            {
              "name": "GLP-1 (Sema) — 20mg",
              "sku": "woo-211",
              "quantity": 1,
              "total": "164.92",
              "meta_data": []
            }
          ],
          "meta_data": [
            {
              "key": "peppro_order_id",
              "value": "1763322461093"
            },
            {
              "key": "peppro_total",
              "value": 164.92
            },
            {
              "key": "peppro_created_at",
              "value": "2025-11-16T19:47:41.093Z"
            },
            {
              "key": "peppro_origin",
              "value": "PepPro Web Checkout"
            }
          ],
          "billing": {
            "first_name": "Mr. Peter J. Gibbons",
            "email": "diggleda@icloud.com"
          }
        },
        "response": {
          "id": 305,
          "number": "305",
          "status": "pending",
          "payment_url": "https://shop.peppro.net/checkout/order-pay/305/?pay_for_order=true&key=wc_order_deu4u4pAmGEKe",
          "order_key": "wc_order_deu4u4pAmGEKe"
        }
      },
      "stripe": {
        "status": "success",
        "clientSecret": "pi_3SUBvILdQwKDgAgZ1HY8Hnv3_secret_vjDidIIsf5Qv3g0fY1OWM9B5N",
        "paymentIntentId": "pi_3SUBvILdQwKDgAgZ1HY8Hnv3"
      },
      "shipEngine": {
        "status": "skipped",
        "reason": "not_configured"
      }
    },
    "wooOrderId": 305,
    "paymentIntentId": "pi_3SUBvILdQwKDgAgZ1HY8Hnv3"
  },
  {
    "id": "1763322528498",
    "userId": "1759372218770",
    "items": [
      {
        "cartItemId": "woo-211::woo-variation-217",
        "productId": "woo-211",
        "variantId": "woo-variation-217",
        "name": "GLP-1 (Sema) — 20mg",
        "price": 164.92,
        "quantity": 1,
        "note": null,
        "position": 1
      }
    ],
    "total": 164.92,
    "referralCode": null,
    "status": "pending",
    "createdAt": "2025-11-16T19:48:48.498Z",
    "integrations": {
      "wooCommerce": "success",
      "stripe": "success",
      "shipEngine": "skipped"
    },
    "integrationDetails": {
      "wooCommerce": {
        "status": "success",
        "payload": {
          "status": "pending",
          "created_via": "peppro_app",
          "customer_note": "",
          "set_paid": false,
          "line_items": [
            {
              "name": "GLP-1 (Sema) — 20mg",
              "sku": "woo-211",
              "quantity": 1,
              "total": "164.92",
              "meta_data": []
            }
          ],
          "meta_data": [
            {
              "key": "peppro_order_id",
              "value": "1763322528498"
            },
            {
              "key": "peppro_total",
              "value": 164.92
            },
            {
              "key": "peppro_created_at",
              "value": "2025-11-16T19:48:48.498Z"
            },
            {
              "key": "peppro_origin",
              "value": "PepPro Web Checkout"
            }
          ],
          "billing": {
            "first_name": "Mr. Peter J. Gibbons",
            "email": "diggleda@icloud.com"
          }
        },
        "response": {
          "id": 306,
          "number": "306",
          "status": "pending",
          "payment_url": "https://shop.peppro.net/checkout/order-pay/306/?pay_for_order=true&key=wc_order_kuEhEmcGgE4oF",
          "order_key": "wc_order_kuEhEmcGgE4oF"
        }
      },
      "stripe": {
        "status": "success",
        "clientSecret": "pi_3SUBwNLdQwKDgAgZ02vhf9mT_secret_bFaRfiKHIkUjJukJzAGBjAzRI",
        "paymentIntentId": "pi_3SUBwNLdQwKDgAgZ02vhf9mT"
      },
      "shipEngine": {
        "status": "skipped",
        "reason": "not_configured"
      }
    },
    "wooOrderId": 306,
    "paymentIntentId": "pi_3SUBwNLdQwKDgAgZ02vhf9mT"
  },
  {
    "id": "1763322669582",
    "userId": "1759372218770",
    "items": [
      {
        "cartItemId": "woo-211::woo-variation-217",
        "productId": "woo-211",
        "variantId": "woo-variation-217",
        "name": "GLP-1 (Sema) — 20mg",
        "price": 164.92,
        "quantity": 2,
        "note": null,
        "position": 1
      }
    ],
    "total": 329.84,
    "referralCode": null,
    "status": "pending",
    "createdAt": "2025-11-16T19:51:09.582Z",
    "integrations": {
      "wooCommerce": "success",
      "stripe": "success",
      "shipEngine": "skipped"
    },
    "integrationDetails": {
      "wooCommerce": {
        "status": "success",
        "payload": {
          "status": "pending",
          "created_via": "peppro_app",
          "customer_note": "",
          "set_paid": false,
          "line_items": [
            {
              "name": "GLP-1 (Sema) — 20mg",
              "sku": "woo-211",
              "quantity": 2,
              "total": "329.84",
              "meta_data": []
            }
          ],
          "meta_data": [
            {
              "key": "peppro_order_id",
              "value": "1763322669582"
            },
            {
              "key": "peppro_total",
              "value": 329.84
            },
            {
              "key": "peppro_created_at",
              "value": "2025-11-16T19:51:09.582Z"
            },
            {
              "key": "peppro_origin",
              "value": "PepPro Web Checkout"
            }
          ],
          "billing": {
            "first_name": "Mr. Peter J. Gibbons",
            "email": "diggleda@icloud.com"
          }
        },
        "response": {
          "id": 307,
          "number": "307",
          "status": "pending",
          "payment_url": "https://shop.peppro.net/checkout/order-pay/307/?pay_for_order=true&key=wc_order_hsgVPp9zrWPq1",
          "order_key": "wc_order_hsgVPp9zrWPq1"
        }
      },
      "stripe": {
        "status": "success",
        "clientSecret": "pi_3SUByeLdQwKDgAgZ1aoxm1c8_secret_Lx8KDIaBB3k8GJ9TDJvAkNxgQ",
        "paymentIntentId": "pi_3SUByeLdQwKDgAgZ1aoxm1c8"
      },
      "shipEngine": {
        "status": "skipped",
        "reason": "not_configured"
      }
    },
    "wooOrderId": 307,
    "paymentIntentId": "pi_3SUByeLdQwKDgAgZ1aoxm1c8"
  },
  {
    "id": "1763323194172",
    "userId": "1759372218770",
    "items": [
      {
        "cartItemId": "woo-256::woo-variation-260",
        "productId": "woo-256",
        "variantId": "woo-variation-260",
        "name": "Dual Agonist GLP-1 + GIP (Tir) — 40mg",
        "price": 273.18,
        "quantity": 2,
        "note": null,
        "position": 1
      }
    ],
    "total": 546.36,
    "referralCode": null,
    "status": "paid",
    "createdAt": "2025-11-16T19:59:54.172Z",
    "integrations": {
      "wooCommerce": "success",
      "stripe": "success",
      "shipEngine": "skipped"
    },
    "integrationDetails": {
      "wooCommerce": {
        "status": "success",
        "payload": {
          "status": "pending",
          "created_via": "peppro_app",
          "customer_note": "",
          "set_paid": false,
          "line_items": [
            {
              "name": "Dual Agonist GLP-1 + GIP (Tir) — 40mg",
              "sku": "woo-256",
              "quantity": 2,
              "total": "546.36",
              "meta_data": []
            }
          ],
          "meta_data": [
            {
              "key": "peppro_order_id",
              "value": "1763323194172"
            },
            {
              "key": "peppro_total",
              "value": 546.36
            },
            {
              "key": "peppro_created_at",
              "value": "2025-11-16T19:59:54.172Z"
            },
            {
              "key": "peppro_origin",
              "value": "PepPro Web Checkout"
            }
          ],
          "billing": {
            "first_name": "Mr. Peter J. Gibbons",
            "email": "diggleda@icloud.com"
          }
        },
        "response": {
          "id": 308,
          "number": "308",
          "status": "pending",
          "payment_url": "https://shop.peppro.net/checkout/order-pay/308/?pay_for_order=true&key=wc_order_hLaR6eqOraKkE",
          "order_key": "wc_order_hLaR6eqOraKkE"
        }
      },
      "stripe": {
        "status": "success",
        "clientSecret": "pi_3SUC76LdQwKDgAgZ298LufOg_secret_LbxvsDKolA2lCecIcOkyFUsmu",
        "paymentIntentId": "pi_3SUC76LdQwKDgAgZ298LufOg",
        "eventType": "succeeded",
        "lastSyncAt": "2025-11-16T20:00:09.259Z",
        "wooUpdate": null
      },
      "shipEngine": {
        "status": "skipped",
        "reason": "not_configured"
      }
    },
    "wooOrderId": "308",
    "paymentIntentId": "pi_3SUC76LdQwKDgAgZ298LufOg"
  },
  {
    "id": "1763350409212",
    "userId": "1759372218770",
    "items": [
      {
        "cartItemId": "woo-256::woo-variation-260",
        "productId": "woo-256",
        "variantId": "woo-variation-260",
        "name": "Dual Agonist GLP-1 + GIP (Tir) — 40mg",
        "price": 273.18,
        "quantity": 1,
        "note": null,
        "position": 1
      },
      {
        "cartItemId": "woo-211::woo-variation-217",
        "productId": "woo-211",
        "variantId": "woo-variation-217",
        "name": "GLP-1 (Sema) — 20mg",
        "price": 164.92,
        "quantity": 1,
        "note": null,
        "position": 2
      }
    ],
    "total": 438.1,
    "referralCode": null,
    "status": "paid",
    "createdAt": "2025-11-17T03:33:29.212Z",
    "integrations": {
      "wooCommerce": "success",
      "stripe": "success",
      "shipEngine": "skipped"
    },
    "integrationDetails": {
      "wooCommerce": {
        "status": "success",
        "payload": {
          "status": "pending",
          "created_via": "peppro_app",
          "customer_note": "",
          "set_paid": false,
          "line_items": [
            {
              "name": "Dual Agonist GLP-1 + GIP (Tir) — 40mg",
              "sku": "woo-256",
              "quantity": 1,
              "total": "273.18",
              "meta_data": []
            },
            {
              "name": "GLP-1 (Sema) — 20mg",
              "sku": "woo-211",
              "quantity": 1,
              "total": "164.92",
              "meta_data": []
            }
          ],
          "meta_data": [
            {
              "key": "peppro_order_id",
              "value": "1763350409212"
            },
            {
              "key": "peppro_total",
              "value": 438.1
            },
            {
              "key": "peppro_created_at",
              "value": "2025-11-17T03:33:29.212Z"
            },
            {
              "key": "peppro_origin",
              "value": "PepPro Web Checkout"
            }
          ],
          "billing": {
            "first_name": "Mr. Peter J. Gibbons",
            "email": "diggleda@icloud.com"
          }
        },
        "response": {
          "id": 316,
          "number": "316",
          "status": "pending",
          "payment_url": "https://shop.peppro.net/checkout/order-pay/316/?pay_for_order=true&key=wc_order_hpaD7N52h5cXP",
          "order_key": "wc_order_hpaD7N52h5cXP"
        }
      },
      "stripe": {
        "status": "success",
        "clientSecret": "pi_3SUJC4LdQwKDgAgZ0ca57ULc_secret_LiVNtX6wGGBHchHoEXdyHykWC",
        "paymentIntentId": "pi_3SUJC4LdQwKDgAgZ0ca57ULc",
        "eventType": "succeeded",
        "lastSyncAt": "2025-11-17T03:33:45.084Z",
        "wooUpdate": null
      },
      "shipEngine": {
        "status": "skipped",
        "reason": "not_configured"
      }
    },
    "wooOrderId": "316",
    "paymentIntentId": "pi_3SUJC4LdQwKDgAgZ0ca57ULc"
  },
  {
    "id": "1763353078248",
    "userId": "1759372218770",
    "items": [
      {
        "cartItemId": "woo-256::woo-variation-260",
        "productId": "woo-256",
        "variantId": "woo-variation-260",
        "name": "Dual Agonist GLP-1 + GIP (Tir) — 40mg",
        "price": 273.18,
        "quantity": 1,
        "note": null,
        "position": 1
      }
    ],
    "total": 273.18,
    "referralCode": null,
    "status": "paid",
    "createdAt": "2025-11-17T04:17:58.248Z",
    "integrations": {
      "wooCommerce": "success",
      "stripe": "success",
      "shipEngine": "skipped"
    },
    "integrationDetails": {
      "wooCommerce": {
        "status": "success",
        "payload": {
          "status": "pending",
          "created_via": "peppro_app",
          "customer_note": "",
          "set_paid": false,
          "line_items": [
            {
              "name": "Dual Agonist GLP-1 + GIP (Tir) — 40mg",
              "sku": "woo-256",
              "quantity": 1,
              "total": "273.18",
              "meta_data": []
            }
          ],
          "meta_data": [
            {
              "key": "peppro_order_id",
              "value": "1763353078248"
            },
            {
              "key": "peppro_total",
              "value": 273.18
            },
            {
              "key": "peppro_created_at",
              "value": "2025-11-17T04:17:58.248Z"
            },
            {
              "key": "peppro_origin",
              "value": "PepPro Web Checkout"
            }
          ],
          "billing": {
            "first_name": "Mr. Peter J. Gibbons",
            "email": "diggleda@icloud.com"
          }
        },
        "response": {
          "id": 317,
          "number": "317",
          "status": "pending",
          "payment_url": "https://shop.peppro.net/checkout/order-pay/317/?pay_for_order=true&key=wc_order_4ldzNI5DWuA2I",
          "order_key": "wc_order_4ldzNI5DWuA2I"
        }
      },
      "stripe": {
        "status": "success",
        "clientSecret": "pi_3SUJt7LdQwKDgAgZ3Ubb1GHu_secret_13Sm3WanHtQfrWMyPcHJtBS5k",
        "paymentIntentId": "pi_3SUJt7LdQwKDgAgZ3Ubb1GHu",
        "eventType": "succeeded",
        "lastSyncAt": "2025-11-17T04:18:13.603Z",
        "wooUpdate": null
      },
      "shipEngine": {
        "status": "skipped",
        "reason": "not_configured"
      }
    },
    "wooOrderId": "317",
    "paymentIntentId": "pi_3SUJt7LdQwKDgAgZ3Ubb1GHu"
  },
  {
    "id": "1763518701407",
    "userId": "1759372218770",
    "items": [
      {
        "cartItemId": "woo-256::woo-variation-260",
        "productId": "woo-256",
        "variantId": "woo-variation-260",
        "name": "Dual Agonist GLP-1 + GIP (Tir) — 40mg",
        "price": 273.18,
        "quantity": 12,
        "note": null,
        "position": 1
      },
      {
        "cartItemId": "woo-211::woo-variation-217",
        "productId": "woo-211",
        "variantId": "woo-variation-217",
        "name": "GLP-1 (Sema) — 20mg",
        "price": 164.92,
        "quantity": 1,
        "note": null,
        "position": 2
      }
    ],
    "total": 3443.08,
    "shippingTotal": 0,
    "shippingEstimate": null,
    "shippingAddress": {
      "name": "Mr. Peter J. Gibbons",
      "addressLine1": "6330 S County line rd",
      "addressLine2": "",
      "city": "Burr Ridge",
      "state": "Illinois",
      "postalCode": "60527",
      "country": "US"
    },
    "referralCode": null,
    "status": "paid",
    "createdAt": "2025-11-19T02:18:21.407Z",
    "integrations": {
      "wooCommerce": "success",
      "stripe": "success",
      "shipEngine": "skipped"
    },
    "integrationDetails": {
      "wooCommerce": {
        "status": "success",
        "payload": {
          "status": "pending",
          "created_via": "peppro_app",
          "customer_note": "PepPro Order 1763518701407",
          "set_paid": false,
          "line_items": [
            {
              "name": "Dual Agonist GLP-1 + GIP (Tir) — 40mg",
              "sku": "woo-256",
              "quantity": 12,
              "total": "3278.16",
              "meta_data": []
            },
            {
              "name": "GLP-1 (Sema) — 20mg",
              "sku": "woo-211",
              "quantity": 1,
              "total": "164.92",
              "meta_data": []
            }
          ],
          "meta_data": [
            {
              "key": "peppro_order_id",
              "value": "1763518701407"
            },
            {
              "key": "peppro_total",
              "value": 3443.08
            },
            {
              "key": "peppro_created_at",
              "value": "2025-11-19T02:18:21.407Z"
            },
            {
              "key": "peppro_origin",
              "value": "PepPro Web Checkout"
            },
            {
              "key": "_order_number",
              "value": "1763518701407"
            },
            {
              "key": "_order_number_formatted",
              "value": "1763518701407"
            },
            {
              "key": "peppro_display_order_id",
              "value": "1763518701407"
            }
          ],
          "billing": {
            "first_name": "Mr. Peter J. Gibbons",
            "email": "diggleda@icloud.com"
          }
        },
        "response": {
          "id": 321,
          "number": "321",
          "status": "pending",
          "payment_url": "https://shop.peppro.net/checkout/order-pay/321/?pay_for_order=true&key=wc_order_MltjUJ7ZT28I0",
          "order_key": "wc_order_MltjUJ7ZT28I0"
        }
      },
      "stripe": {
        "status": "success",
        "clientSecret": "pi_3SV0ySLdQwKDgAgZ1BMnSKkz_secret_84g466csAHwXIzFNfIXJtlGzP",
        "paymentIntentId": "pi_3SV0ySLdQwKDgAgZ1BMnSKkz",
        "eventType": "succeeded",
        "lastSyncAt": "2025-11-19T02:18:36.726Z",
        "wooUpdate": null
      },
      "shipEngine": {
        "status": "skipped",
        "reason": "not_configured"
      }
    },
    "wooOrderId": "321",
    "paymentIntentId": "pi_3SV0ySLdQwKDgAgZ1BMnSKkz"
  },
  {
    "id": "1763833110434",
    "userId": "1759372218770",
    "items": [
      {
        "cartItemId": "woo-211::woo-variation-217",
        "productId": "woo-211",
        "variantId": "woo-variation-217",
        "name": "GLP-1 (Sema) — 20mg",
        "price": 164.92,
        "quantity": 4,
        "note": null,
        "position": 1
      }
    ],
    "total": 659.68,
    "shippingTotal": 0,
    "shippingEstimate": null,
    "shippingAddress": {
      "name": "Mr. Peter J. Gibbons",
      "addressLine1": "6330 S County Line Rd",
      "addressLine2": "",
      "city": "Burr Ridge",
      "state": "Illinois",
      "postalCode": "60527",
      "country": "US"
    },
    "referralCode": null,
    "status": "paid",
    "createdAt": "2025-11-22T17:38:30.434Z",
    "integrations": {
      "wooCommerce": "success",
      "stripe": "success",
      "shipEngine": "skipped"
    },
    "integrationDetails": {
      "wooCommerce": {
        "status": "success",
        "payload": {
          "status": "pending",
          "created_via": "peppro_app",
          "customer_note": "PepPro Order 1763833110434",
          "set_paid": false,
          "line_items": [
            {
              "name": "GLP-1 (Sema) — 20mg",
              "sku": "woo-211",
              "quantity": 4,
              "total": "659.68",
              "meta_data": []
            }
          ],
          "meta_data": [
            {
              "key": "peppro_order_id",
              "value": "1763833110434"
            },
            {
              "key": "peppro_total",
              "value": 659.68
            },
            {
              "key": "peppro_created_at",
              "value": "2025-11-22T17:38:30.434Z"
            },
            {
              "key": "peppro_origin",
              "value": "PepPro Web Checkout"
            },
            {
              "key": "_order_number",
              "value": "1763833110434"
            },
            {
              "key": "_order_number_formatted",
              "value": "1763833110434"
            },
            {
              "key": "peppro_display_order_id",
              "value": "1763833110434"
            }
          ],
          "billing": {
            "first_name": "Mr. Peter J. Gibbons",
            "email": "diggleda@icloud.com"
          }
        },
        "response": {
          "id": 326,
          "number": "326",
          "status": "pending",
          "payment_url": "https://shop.peppro.net/checkout/order-pay/326/?pay_for_order=true&key=wc_order_Sec1HqmBBL6IX",
          "order_key": "wc_order_Sec1HqmBBL6IX"
        }
      },
      "stripe": {
        "status": "success",
        "clientSecret": "pi_3SWKlXLdQwKDgAgZ0I5EWELR_secret_f4Yvex9GFt5595U4tb96RZIlH",
        "paymentIntentId": "pi_3SWKlXLdQwKDgAgZ0I5EWELR",
        "eventType": "succeeded",
        "lastSyncAt": "2025-11-22T17:38:43.942Z",
        "wooUpdate": null
      },
      "shipEngine": {
        "status": "skipped",
        "reason": "not_configured"
      }
    },
    "wooOrderId": "326",
    "paymentIntentId": "pi_3SWKlXLdQwKDgAgZ0I5EWELR"
  },
  {
    "id": "1763873047827",
    "userId": "1759372218770",
    "items": [
      {
        "cartItemId": "woo-397::woo-variation-400",
        "productId": "woo-397",
        "variantId": "woo-variation-400",
        "name": "Dual Agonist GLP-1 + GIP (Tir) V — 40mg",
        "price": 272.29,
        "quantity": 1,
        "note": null,
        "position": 1
      }
    ],
    "total": 318.44,
    "shippingTotal": 46.15,
    "shippingEstimate": {
      "carrierId": null,
      "serviceCode": "ups_next_day_air",
      "serviceType": "ups_next_day_air",
      "estimatedDeliveryDays": 0,
      "deliveryDateGuaranteed": null,
      "rate": 46.15,
      "currency": "USD",
      "addressFingerprint": "d3f48189227e0d2f85a3eb25a3fcb48008e48023"
    },
    "shippingAddress": {
      "name": "Mr. Peter J. Gibbons",
      "company": null,
      "addressLine1": "6330 S County Line Rd",
      "addressLine2": "",
      "city": "Burr Ridge",
      "state": "IL",
      "postalCode": "60527",
      "country": "US",
      "phone": null
    },
    "referralCode": null,
    "status": "paid",
    "createdAt": "2025-11-23T04:44:07.827Z",
    "integrations": {
      "wooCommerce": "success",
      "stripe": "success",
      "shipEngine": "skipped",
      "shipStation": "error",
      "inventorySync": "completed",
      "mysql": "skipped"
    },
    "integrationDetails": {
      "wooCommerce": {
        "status": "success",
        "payload": {
          "status": "pending",
          "created_via": "peppro_app",
          "customer_note": "PepPro Order 1763873047827",
          "set_paid": false,
          "line_items": [
            {
              "name": "Dual Agonist GLP-1 + GIP (Tir) V — 40mg",
              "sku": "woo-397",
              "quantity": 1,
              "total": "272.29",
              "meta_data": []
            }
          ],
          "meta_data": [
            {
              "key": "peppro_order_id",
              "value": "1763873047827"
            },
            {
              "key": "peppro_total",
              "value": 318.44
            },
            {
              "key": "peppro_created_at",
              "value": "2025-11-23T04:44:07.827Z"
            },
            {
              "key": "peppro_origin",
              "value": "PepPro Web Checkout"
            },
            {
              "key": "_order_number",
              "value": "1763873047827"
            },
            {
              "key": "_order_number_formatted",
              "value": "1763873047827"
            },
            {
              "key": "peppro_display_order_id",
              "value": "1763873047827"
            },
            {
              "key": "peppro_shipping_total",
              "value": 46.15
            },
            {
              "key": "peppro_shipping_estimate",
              "value": "{\"carrierId\":null,\"serviceCode\":\"ups_next_day_air\",\"serviceType\":\"ups_next_day_air\",\"estimatedDeliveryDays\":0,\"deliveryDateGuaranteed\":null,\"rate\":46.15,\"currency\":\"USD\",\"addressFingerprint\":\"d3f48189227e0d2f85a3eb25a3fcb48008e48023\"}"
            }
          ],
          "billing": {
            "first_name": "Mr. Peter J. Gibbons",
            "email": "diggleda@icloud.com"
          },
          "shipping": {
            "first_name": "Mr. Peter J. Gibbons",
            "address_1": "6330 S County Line Rd",
            "address_2": "",
            "city": "Burr Ridge",
            "state": "IL",
            "postcode": "60527",
            "country": "US"
          },
          "shipping_lines": [
            {
              "method_id": "peppro_shipstation",
              "method_title": "PepPro Shipping",
              "total": "46.15"
            }
          ]
        },
        "response": {
          "id": 423,
          "number": "423",
          "status": "pending",
          "payment_url": "https://shop.peppro.net/checkout/order-pay/423/?pay_for_order=true&key=wc_order_NRBaWr4Y3mEOv",
          "order_key": "wc_order_NRBaWr4Y3mEOv"
        }
      },
      "shipStation": {
        "status": "error",
        "message": "ShipStation order creation failed",
        "details": {
          "message": "Request failed with status code 400"
        }
      },
      "stripe": {
        "status": "success",
        "clientSecret": "pi_3SWV9iLdQwKDgAgZ2dNuChLb_secret_j87dnZ7cCdvEQPucAT1hK6OEJ",
        "paymentIntentId": "pi_3SWV9iLdQwKDgAgZ2dNuChLb",
        "eventType": "succeeded",
        "lastSyncAt": "2025-11-23T04:44:22.204Z",
        "wooUpdate": null
      },
      "shipEngine": {
        "status": "skipped",
        "reason": "shipstation_enabled"
      },
      "inventorySync": {
        "status": "completed",
        "total": 1,
        "results": [
          {
            "sku": "woo-397",
            "status": "shipstation_not_found"
          }
        ]
      },
      "mysql": {
        "status": "skipped",
        "reason": "mysql_disabled"
      }
    },
    "wooOrderId": "423",
    "paymentIntentId": "pi_3SWV9iLdQwKDgAgZ2dNuChLb"
  }
]