[
  {
    "id": "1760382211429",
    "userId": "1759372218770",
    "items": [
      {
        "productId": "peptide-2",
        "name": "BPC-157 / TB-500 (10mg / 10mg)",
        "price": 0,
        "quantity": 5,
        "note": null
      }
    ],
    "total": 0,
    "referralCode": null,
    "referrerBonus": null,
    "status": "pending",
    "createdAt": "2025-10-13T19:03:31.429Z"
  },
  {
    "id": "1762992959938",
    "userId": "1759372218770",
    "items": [
      {
        "cartItemId": "woo-211::woo-variation-217",
        "productId": "woo-211",
        "variantId": "woo-variation-217",
        "name": "GLP-1 (Sema) — 20mg",
        "price": 164.92,
        "quantity": 1,
        "note": null
      }
    ],
    "total": 164.92,
    "referralCode": null,
    "status": "pending",
    "createdAt": "2025-11-13T00:15:59.938Z",
    "integrations": {
      "wooCommerce": "pending",
      "shipEngine": "skipped"
    }
  },
  {
    "id": "1763261490718",
    "userId": "1759372218770",
    "items": [
      {
        "cartItemId": "woo-211::woo-variation-217",
        "productId": "woo-211",
        "variantId": "woo-variation-217",
        "name": "GLP-1 (Sema) — 20mg",
        "price": 164.92,
        "quantity": 1,
        "note": null
      }
    ],
    "total": 164.92,
    "referralCode": null,
    "status": "pending",
    "createdAt": "2025-11-16T02:51:30.714Z",
    "integrations": {
      "wooCommerce": "pending",
      "shipEngine": "skipped"
    }
  },
  {
    "id": "1763261748845",
    "userId": "1759372218770",
    "items": [
      {
        "cartItemId": "woo-211::woo-variation-217",
        "productId": "woo-211",
        "variantId": "woo-variation-217",
        "name": "GLP-1 (Sema) — 20mg",
        "price": 164.92,
        "quantity": 1,
        "note": null
      }
    ],
    "total": 164.92,
    "referralCode": null,
    "status": "pending",
    "createdAt": "2025-11-16T02:55:48.839Z",
    "integrations": {
      "wooCommerce": "success",
      "shipEngine": "skipped"
    }
  },
  {
    "id": "1763261961328",
    "userId": "1759372218770",
    "items": [
      {
        "cartItemId": "woo-256::woo-variation-260",
        "productId": "woo-256",
        "variantId": "woo-variation-260",
        "name": "Dual Agonist GLP-1 + GIP (Tir) — 40mg",
        "price": 273.18,
        "quantity": 1,
        "note": null,
        "position": 1
      }
    ],
    "total": 273.18,
    "referralCode": null,
    "status": "pending",
    "createdAt": "2025-11-16T02:59:21.328Z",
    "integrations": {
      "wooCommerce": "pending",
      "shipEngine": "skipped"
    }
  },
  {
    "id": "1763262293941",
    "userId": "1759372218770",
    "items": [
      {
        "cartItemId": "woo-256::woo-variation-260",
        "productId": "woo-256",
        "variantId": "woo-variation-260",
        "name": "Dual Agonist GLP-1 + GIP (Tir) — 40mg",
        "price": 273.18,
        "quantity": 1,
        "note": null,
        "position": 1
      }
    ],
    "total": 273.18,
    "referralCode": null,
    "status": "pending",
    "createdAt": "2025-11-16T03:04:53.941Z",
    "integrations": {
      "wooCommerce": "pending",
      "shipEngine": "skipped"
    }
  },
  {
    "id": "1763262912101",
    "userId": "1759372218770",
    "items": [
      {
        "cartItemId": "woo-256::woo-variation-260",
        "productId": "woo-256",
        "variantId": "woo-variation-260",
        "name": "Dual Agonist GLP-1 + GIP (Tir) — 40mg",
        "price": 273.18,
        "quantity": 1,
        "note": null,
        "position": 1
      }
    ],
    "total": 273.18,
    "referralCode": null,
    "status": "pending",
    "createdAt": "2025-11-16T03:15:12.101Z",
    "integrations": {
      "wooCommerce": "pending",
      "shipEngine": "skipped"
    }
  },
  {
    "id": "1763262992291",
    "userId": "1759372218770",
    "items": [
      {
        "cartItemId": "woo-256::woo-variation-260",
        "productId": "woo-256",
        "variantId": "woo-variation-260",
        "name": "Dual Agonist GLP-1 + GIP (Tir) — 40mg",
        "price": 273.18,
        "quantity": 1,
        "note": null,
        "position": 1
      }
    ],
    "total": 273.18,
    "referralCode": null,
    "status": "pending",
    "createdAt": "2025-11-16T03:16:32.291Z",
    "integrations": {
      "wooCommerce": "pending",
      "shipEngine": "skipped"
    }
  },
  {
    "id": "1763263109624",
    "userId": "1759372218770",
    "items": [
      {
        "cartItemId": "woo-256::woo-variation-260",
        "productId": "woo-256",
        "variantId": "woo-variation-260",
        "name": "Dual Agonist GLP-1 + GIP (Tir) — 40mg",
        "price": 273.18,
        "quantity": 2,
        "note": null,
        "position": 1
      }
    ],
    "total": 546.36,
    "referralCode": null,
    "status": "pending",
    "createdAt": "2025-11-16T03:18:29.624Z",
    "integrations": {
      "wooCommerce": "pending",
      "shipEngine": "skipped"
    }
  },
  {
    "id": "1763263416071",
    "userId": "1759372218770",
    "items": [
      {
        "cartItemId": "woo-256::woo-variation-260",
        "productId": "woo-256",
        "variantId": "woo-variation-260",
        "name": "Dual Agonist GLP-1 + GIP (Tir) — 40mg",
        "price": 273.18,
        "quantity": 1,
        "note": null,
        "position": 1
      }
    ],
    "total": 273.18,
    "referralCode": null,
    "status": "pending",
    "createdAt": "2025-11-16T03:23:36.071Z",
    "integrations": {
      "wooCommerce": "pending",
      "shipEngine": "skipped"
    }
  },
  {
    "id": "1763263628264",
    "userId": "1759372218770",
    "items": [
      {
        "cartItemId": "woo-256::woo-variation-260",
        "productId": "woo-256",
        "variantId": "woo-variation-260",
        "name": "Dual Agonist GLP-1 + GIP (Tir) — 40mg",
        "price": 273.18,
        "quantity": 1,
        "note": null,
        "position": 1
      }
    ],
    "total": 273.18,
    "referralCode": null,
    "status": "pending",
    "createdAt": "2025-11-16T03:27:08.264Z",
    "integrations": {
      "wooCommerce": "pending",
      "shipEngine": "skipped"
    }
  },
  {
    "id": "1763264261084",
    "userId": "1759372218770",
    "items": [
      {
        "cartItemId": "woo-211::woo-variation-217",
        "productId": "woo-211",
        "variantId": "woo-variation-217",
        "name": "GLP-1 (Sema) — 20mg",
        "price": 164.92,
        "quantity": 1,
        "note": null,
        "position": 1
      }
    ],
    "total": 164.92,
    "referralCode": null,
    "status": "pending",
    "createdAt": "2025-11-16T03:37:41.084Z",
    "integrations": {
      "wooCommerce": "success",
      "shipEngine": "skipped"
    },
    "integrationDetails": {
      "wooCommerce": {
        "status": "success",
        "payload": {
          "status": "pending",
          "customer_note": "",
          "set_paid": false,
          "line_items": [
            {
              "name": "GLP-1 (Sema) — 20mg",
              "sku": "woo-211",
              "quantity": 1,
              "total": "164.92",
              "meta_data": []
            }
          ],
          "meta_data": [
            {
              "key": "peppro_order_id",
              "value": "1763264261084"
            },
            {
              "key": "peppro_total",
              "value": 164.92
            },
            {
              "key": "peppro_created_at",
              "value": "2025-11-16T03:37:41.084Z"
            }
          ],
          "billing": {
            "first_name": "Mr. Peter J. Gibbons",
            "email": "diggleda@icloud.com"
          }
        },
        "response": {
          "id": 297,
          "number": "297",
          "status": "pending"
        }
      },
      "shipEngine": {
        "status": "skipped",
        "reason": "not_configured"
      }
    }
  },
  {
    "id": "1763264516508",
    "userId": "1759372218770",
    "items": [
      {
        "cartItemId": "woo-256::woo-variation-260",
        "productId": "woo-256",
        "variantId": "woo-variation-260",
        "name": "Dual Agonist GLP-1 + GIP (Tir) — 40mg",
        "price": 273.18,
        "quantity": 21,
        "note": null,
        "position": 1
      }
    ],
    "total": 5736.78,
    "referralCode": null,
    "status": "pending",
    "createdAt": "2025-11-16T03:41:56.508Z",
    "integrations": {
      "wooCommerce": "success",
      "shipEngine": "skipped"
    },
    "integrationDetails": {
      "wooCommerce": {
        "status": "success",
        "payload": {
          "status": "pending",
          "customer_note": "",
          "set_paid": false,
          "line_items": [
            {
              "name": "Dual Agonist GLP-1 + GIP (Tir) — 40mg",
              "sku": "woo-256",
              "quantity": 21,
              "total": "5736.78",
              "meta_data": []
            }
          ],
          "meta_data": [
            {
              "key": "peppro_order_id",
              "value": "1763264516508"
            },
            {
              "key": "peppro_total",
              "value": 5736.78
            },
            {
              "key": "peppro_created_at",
              "value": "2025-11-16T03:41:56.508Z"
            }
          ],
          "billing": {
            "first_name": "Mr. Peter J. Gibbons",
            "email": "diggleda@icloud.com"
          }
        },
        "response": {
          "id": 298,
          "number": "298",
          "status": "pending"
        }
      },
      "shipEngine": {
        "status": "skipped",
        "reason": "not_configured"
      }
    }
  },
  {
    "id": "1763265139071",
    "userId": "1759372218770",
    "items": [
      {
        "cartItemId": "woo-256::woo-variation-258",
        "productId": "woo-256",
        "variantId": "woo-variation-258",
        "name": "Dual Agonist GLP-1 + GIP (Tir) — 10mg",
        "price": 120.09,
        "quantity": 3,
        "note": null,
        "position": 1
      }
    ],
    "total": 360.27,
    "referralCode": null,
    "status": "pending",
    "createdAt": "2025-11-16T03:52:19.071Z",
    "integrations": {
      "wooCommerce": "success",
      "shipEngine": "skipped"
    },
    "integrationDetails": {
      "wooCommerce": {
        "status": "success",
        "payload": {
          "status": "pending",
          "customer_note": "",
          "set_paid": false,
          "line_items": [
            {
              "name": "Dual Agonist GLP-1 + GIP (Tir) — 10mg",
              "sku": "woo-256",
              "quantity": 3,
              "total": "360.27",
              "meta_data": []
            }
          ],
          "meta_data": [
            {
              "key": "peppro_order_id",
              "value": "1763265139071"
            },
            {
              "key": "peppro_total",
              "value": 360.27
            },
            {
              "key": "peppro_created_at",
              "value": "2025-11-16T03:52:19.071Z"
            }
          ],
          "billing": {
            "first_name": "Mr. Peter J. Gibbons",
            "email": "diggleda@icloud.com"
          }
        },
        "response": {
          "id": 299,
          "number": "299",
          "status": "pending"
        }
      },
      "shipEngine": {
        "status": "skipped",
        "reason": "not_configured"
      }
    }
  },
  {
    "id": "1763265358767",
    "userId": "1759372218770",
    "items": [
      {
        "cartItemId": "woo-256::woo-variation-259",
        "productId": "woo-256",
        "variantId": "woo-variation-259",
        "name": "Dual Agonist GLP-1 + GIP (Tir) — 20mg",
        "price": 177.09,
        "quantity": 4,
        "note": null,
        "position": 1
      }
    ],
    "total": 708.36,
    "referralCode": null,
    "status": "pending",
    "createdAt": "2025-11-16T03:55:58.767Z",
    "integrations": {
      "wooCommerce": "success",
      "shipEngine": "skipped"
    },
    "integrationDetails": {
      "wooCommerce": {
        "status": "success",
        "payload": {
          "status": "pending",
          "customer_note": "",
          "set_paid": false,
          "line_items": [
            {
              "name": "Dual Agonist GLP-1 + GIP (Tir) — 20mg",
              "sku": "woo-256",
              "quantity": 4,
              "total": "708.36",
              "meta_data": []
            }
          ],
          "meta_data": [
            {
              "key": "peppro_order_id",
              "value": "1763265358767"
            },
            {
              "key": "peppro_total",
              "value": 708.36
            },
            {
              "key": "peppro_created_at",
              "value": "2025-11-16T03:55:58.767Z"
            }
          ],
          "billing": {
            "first_name": "Mr. Peter J. Gibbons",
            "email": "diggleda@icloud.com"
          }
        },
        "response": {
          "id": 300,
          "number": "300",
          "status": "pending"
        }
      },
      "shipEngine": {
        "status": "skipped",
        "reason": "not_configured"
      }
    }
  },
  {
    "id": "1763265499398",
    "userId": "1759372218770",
    "items": [
      {
        "cartItemId": "woo-256::woo-variation-260",
        "productId": "woo-256",
        "variantId": "woo-variation-260",
        "name": "Dual Agonist GLP-1 + GIP (Tir) — 40mg",
        "price": 273.18,
        "quantity": 1,
        "note": null,
        "position": 1
      }
    ],
    "total": 273.18,
    "referralCode": null,
    "status": "pending",
    "createdAt": "2025-11-16T03:58:19.398Z",
    "integrations": {
      "wooCommerce": "success",
      "shipEngine": "skipped"
    },
    "integrationDetails": {
      "wooCommerce": {
        "status": "success",
        "payload": {
          "status": "pending",
          "created_via": "peppro_app",
          "customer_note": "",
          "set_paid": false,
          "line_items": [
            {
              "name": "Dual Agonist GLP-1 + GIP (Tir) — 40mg",
              "sku": "woo-256",
              "quantity": 1,
              "total": "273.18",
              "meta_data": []
            }
          ],
          "meta_data": [
            {
              "key": "peppro_order_id",
              "value": "1763265499398"
            },
            {
              "key": "peppro_total",
              "value": 273.18
            },
            {
              "key": "peppro_created_at",
              "value": "2025-11-16T03:58:19.398Z"
            },
            {
              "key": "peppro_origin",
              "value": "PepPro Web Checkout"
            }
          ],
          "billing": {
            "first_name": "Mr. Peter J. Gibbons",
            "email": "diggleda@icloud.com"
          }
        },
        "response": {
          "id": 301,
          "number": "301",
          "status": "pending",
          "payment_url": "https://shop.peppro.net/checkout/order-pay/301/?pay_for_order=true&key=wc_order_DEVApAAMi52aJ",
          "order_key": "wc_order_DEVApAAMi52aJ"
        }
      },
      "shipEngine": {
        "status": "skipped",
        "reason": "not_configured"
      }
    }
  },
  {
    "id": "1763320167978",
    "userId": "1759372218770",
    "items": [
      {
        "cartItemId": "woo-211::woo-variation-217",
        "productId": "woo-211",
        "variantId": "woo-variation-217",
        "name": "GLP-1 (Sema) — 20mg",
        "price": 164.92,
        "quantity": 200,
        "note": null,
        "position": 1
      }
    ],
    "total": 32984,
    "referralCode": null,
    "status": "pending",
    "createdAt": "2025-11-16T19:09:27.978Z",
    "integrations": {
      "wooCommerce": "success",
      "shipEngine": "skipped"
    },
    "integrationDetails": {
      "wooCommerce": {
        "status": "success",
        "payload": {
          "status": "pending",
          "created_via": "peppro_app",
          "customer_note": "",
          "set_paid": false,
          "line_items": [
            {
              "name": "GLP-1 (Sema) — 20mg",
              "sku": "woo-211",
              "quantity": 200,
              "total": "32984.00",
              "meta_data": []
            }
          ],
          "meta_data": [
            {
              "key": "peppro_order_id",
              "value": "1763320167978"
            },
            {
              "key": "peppro_total",
              "value": 32984
            },
            {
              "key": "peppro_created_at",
              "value": "2025-11-16T19:09:27.978Z"
            },
            {
              "key": "peppro_origin",
              "value": "PepPro Web Checkout"
            }
          ],
          "billing": {
            "first_name": "Mr. Peter J. Gibbons",
            "email": "diggleda@icloud.com"
          }
        },
        "response": {
          "id": 302,
          "number": "302",
          "status": "pending",
          "payment_url": "https://shop.peppro.net/checkout/order-pay/302/?pay_for_order=true&key=wc_order_eV65QMxrDNz5C",
          "order_key": "wc_order_eV65QMxrDNz5C"
        }
      },
      "shipEngine": {
        "status": "skipped",
        "reason": "not_configured"
      }
    }
  },
  {
    "id": "1763321237588",
    "userId": "1759372218770",
    "items": [
      {
        "cartItemId": "woo-256::woo-variation-260",
        "productId": "woo-256",
        "variantId": "woo-variation-260",
        "name": "Dual Agonist GLP-1 + GIP (Tir) — 40mg",
        "price": 273.18,
        "quantity": 7,
        "note": null,
        "position": 1
      }
    ],
    "total": 1912.26,
    "referralCode": null,
    "status": "pending",
    "createdAt": "2025-11-16T19:27:17.588Z",
    "integrations": {
      "wooCommerce": "success",
      "shipEngine": "skipped"
    },
    "integrationDetails": {
      "wooCommerce": {
        "status": "success",
        "payload": {
          "status": "pending",
          "created_via": "peppro_app",
          "customer_note": "",
          "set_paid": false,
          "line_items": [
            {
              "name": "Dual Agonist GLP-1 + GIP (Tir) — 40mg",
              "sku": "woo-256",
              "quantity": 7,
              "total": "1912.26",
              "meta_data": []
            }
          ],
          "meta_data": [
            {
              "key": "peppro_order_id",
              "value": "1763321237588"
            },
            {
              "key": "peppro_total",
              "value": 1912.26
            },
            {
              "key": "peppro_created_at",
              "value": "2025-11-16T19:27:17.588Z"
            },
            {
              "key": "peppro_origin",
              "value": "PepPro Web Checkout"
            }
          ],
          "billing": {
            "first_name": "Mr. Peter J. Gibbons",
            "email": "diggleda@icloud.com"
          }
        },
        "response": {
          "id": 303,
          "number": "303",
          "status": "pending",
          "payment_url": "https://shop.peppro.net/checkout/order-pay/303/?pay_for_order=true&key=wc_order_gCQTDoFVxpaqL",
          "order_key": "wc_order_gCQTDoFVxpaqL"
        }
      },
      "shipEngine": {
        "status": "skipped",
        "reason": "not_configured"
      }
    }
  },
  {
    "id": "1763321979058",
    "userId": "1759372218770",
    "items": [
      {
        "cartItemId": "woo-211::woo-variation-215",
        "productId": "woo-211",
        "variantId": "woo-variation-215",
        "name": "GLP-1 (Sema) — 5mg",
        "price": 80.39,
        "quantity": 1,
        "note": null,
        "position": 1
      }
    ],
    "total": 80.39,
    "referralCode": null,
    "status": "pending",
    "createdAt": "2025-11-16T19:39:39.058Z",
    "integrations": {
      "wooCommerce": "success",
      "shipEngine": "skipped"
    },
    "integrationDetails": {
      "wooCommerce": {
        "status": "success",
        "payload": {
          "status": "pending",
          "created_via": "peppro_app",
          "customer_note": "",
          "set_paid": false,
          "line_items": [
            {
              "name": "GLP-1 (Sema) — 5mg",
              "sku": "woo-211",
              "quantity": 1,
              "total": "80.39",
              "meta_data": []
            }
          ],
          "meta_data": [
            {
              "key": "peppro_order_id",
              "value": "1763321979058"
            },
            {
              "key": "peppro_total",
              "value": 80.39
            },
            {
              "key": "peppro_created_at",
              "value": "2025-11-16T19:39:39.058Z"
            },
            {
              "key": "peppro_origin",
              "value": "PepPro Web Checkout"
            }
          ],
          "billing": {
            "first_name": "Mr. Peter J. Gibbons",
            "email": "diggleda@icloud.com"
          }
        },
        "response": {
          "id": 304,
          "number": "304",
          "status": "pending",
          "payment_url": "https://shop.peppro.net/checkout/order-pay/304/?pay_for_order=true&key=wc_order_RlPJh5fEwtc7v",
          "order_key": "wc_order_RlPJh5fEwtc7v"
        }
      },
      "shipEngine": {
        "status": "skipped",
        "reason": "not_configured"
      }
    }
  },
  {
    "id": "1763322461093",
    "userId": "1759372218770",
    "items": [
      {
        "cartItemId": "woo-211::woo-variation-217",
        "productId": "woo-211",
        "variantId": "woo-variation-217",
        "name": "GLP-1 (Sema) — 20mg",
        "price": 164.92,
        "quantity": 1,
        "note": null,
        "position": 1
      }
    ],
    "total": 164.92,
    "referralCode": null,
    "status": "pending",
    "createdAt": "2025-11-16T19:47:41.093Z",
    "integrations": {
      "wooCommerce": "success",
      "stripe": "success",
      "shipEngine": "skipped"
    },
    "integrationDetails": {
      "wooCommerce": {
        "status": "success",
        "payload": {
          "status": "pending",
          "created_via": "peppro_app",
          "customer_note": "",
          "set_paid": false,
          "line_items": [
            {
              "name": "GLP-1 (Sema) — 20mg",
              "sku": "woo-211",
              "quantity": 1,
              "total": "164.92",
              "meta_data": []
            }
          ],
          "meta_data": [
            {
              "key": "peppro_order_id",
              "value": "1763322461093"
            },
            {
              "key": "peppro_total",
              "value": 164.92
            },
            {
              "key": "peppro_created_at",
              "value": "2025-11-16T19:47:41.093Z"
            },
            {
              "key": "peppro_origin",
              "value": "PepPro Web Checkout"
            }
          ],
          "billing": {
            "first_name": "Mr. Peter J. Gibbons",
            "email": "diggleda@icloud.com"
          }
        },
        "response": {
          "id": 305,
          "number": "305",
          "status": "pending",
          "payment_url": "https://shop.peppro.net/checkout/order-pay/305/?pay_for_order=true&key=wc_order_deu4u4pAmGEKe",
          "order_key": "wc_order_deu4u4pAmGEKe"
        }
      },
      "stripe": {
        "status": "success",
        "clientSecret": "pi_3SUBvILdQwKDgAgZ1HY8Hnv3_secret_vjDidIIsf5Qv3g0fY1OWM9B5N",
        "paymentIntentId": "pi_3SUBvILdQwKDgAgZ1HY8Hnv3"
      },
      "shipEngine": {
        "status": "skipped",
        "reason": "not_configured"
      }
    },
    "wooOrderId": 305,
    "paymentIntentId": "pi_3SUBvILdQwKDgAgZ1HY8Hnv3"
  },
  {
    "id": "1763322528498",
    "userId": "1759372218770",
    "items": [
      {
        "cartItemId": "woo-211::woo-variation-217",
        "productId": "woo-211",
        "variantId": "woo-variation-217",
        "name": "GLP-1 (Sema) — 20mg",
        "price": 164.92,
        "quantity": 1,
        "note": null,
        "position": 1
      }
    ],
    "total": 164.92,
    "referralCode": null,
    "status": "pending",
    "createdAt": "2025-11-16T19:48:48.498Z",
    "integrations": {
      "wooCommerce": "success",
      "stripe": "success",
      "shipEngine": "skipped"
    },
    "integrationDetails": {
      "wooCommerce": {
        "status": "success",
        "payload": {
          "status": "pending",
          "created_via": "peppro_app",
          "customer_note": "",
          "set_paid": false,
          "line_items": [
            {
              "name": "GLP-1 (Sema) — 20mg",
              "sku": "woo-211",
              "quantity": 1,
              "total": "164.92",
              "meta_data": []
            }
          ],
          "meta_data": [
            {
              "key": "peppro_order_id",
              "value": "1763322528498"
            },
            {
              "key": "peppro_total",
              "value": 164.92
            },
            {
              "key": "peppro_created_at",
              "value": "2025-11-16T19:48:48.498Z"
            },
            {
              "key": "peppro_origin",
              "value": "PepPro Web Checkout"
            }
          ],
          "billing": {
            "first_name": "Mr. Peter J. Gibbons",
            "email": "diggleda@icloud.com"
          }
        },
        "response": {
          "id": 306,
          "number": "306",
          "status": "pending",
          "payment_url": "https://shop.peppro.net/checkout/order-pay/306/?pay_for_order=true&key=wc_order_kuEhEmcGgE4oF",
          "order_key": "wc_order_kuEhEmcGgE4oF"
        }
      },
      "stripe": {
        "status": "success",
        "clientSecret": "pi_3SUBwNLdQwKDgAgZ02vhf9mT_secret_bFaRfiKHIkUjJukJzAGBjAzRI",
        "paymentIntentId": "pi_3SUBwNLdQwKDgAgZ02vhf9mT"
      },
      "shipEngine": {
        "status": "skipped",
        "reason": "not_configured"
      }
    },
    "wooOrderId": 306,
    "paymentIntentId": "pi_3SUBwNLdQwKDgAgZ02vhf9mT"
  },
  {
    "id": "1763322669582",
    "userId": "1759372218770",
    "items": [
      {
        "cartItemId": "woo-211::woo-variation-217",
        "productId": "woo-211",
        "variantId": "woo-variation-217",
        "name": "GLP-1 (Sema) — 20mg",
        "price": 164.92,
        "quantity": 2,
        "note": null,
        "position": 1
      }
    ],
    "total": 329.84,
    "referralCode": null,
    "status": "pending",
    "createdAt": "2025-11-16T19:51:09.582Z",
    "integrations": {
      "wooCommerce": "success",
      "stripe": "success",
      "shipEngine": "skipped"
    },
    "integrationDetails": {
      "wooCommerce": {
        "status": "success",
        "payload": {
          "status": "pending",
          "created_via": "peppro_app",
          "customer_note": "",
          "set_paid": false,
          "line_items": [
            {
              "name": "GLP-1 (Sema) — 20mg",
              "sku": "woo-211",
              "quantity": 2,
              "total": "329.84",
              "meta_data": []
            }
          ],
          "meta_data": [
            {
              "key": "peppro_order_id",
              "value": "1763322669582"
            },
            {
              "key": "peppro_total",
              "value": 329.84
            },
            {
              "key": "peppro_created_at",
              "value": "2025-11-16T19:51:09.582Z"
            },
            {
              "key": "peppro_origin",
              "value": "PepPro Web Checkout"
            }
          ],
          "billing": {
            "first_name": "Mr. Peter J. Gibbons",
            "email": "diggleda@icloud.com"
          }
        },
        "response": {
          "id": 307,
          "number": "307",
          "status": "pending",
          "payment_url": "https://shop.peppro.net/checkout/order-pay/307/?pay_for_order=true&key=wc_order_hsgVPp9zrWPq1",
          "order_key": "wc_order_hsgVPp9zrWPq1"
        }
      },
      "stripe": {
        "status": "success",
        "clientSecret": "pi_3SUByeLdQwKDgAgZ1aoxm1c8_secret_Lx8KDIaBB3k8GJ9TDJvAkNxgQ",
        "paymentIntentId": "pi_3SUByeLdQwKDgAgZ1aoxm1c8"
      },
      "shipEngine": {
        "status": "skipped",
        "reason": "not_configured"
      }
    },
    "wooOrderId": 307,
    "paymentIntentId": "pi_3SUByeLdQwKDgAgZ1aoxm1c8"
  },
  {
    "id": "1763323194172",
    "userId": "1759372218770",
    "items": [
      {
        "cartItemId": "woo-256::woo-variation-260",
        "productId": "woo-256",
        "variantId": "woo-variation-260",
        "name": "Dual Agonist GLP-1 + GIP (Tir) — 40mg",
        "price": 273.18,
        "quantity": 2,
        "note": null,
        "position": 1
      }
    ],
    "total": 546.36,
    "referralCode": null,
    "status": "paid",
    "createdAt": "2025-11-16T19:59:54.172Z",
    "integrations": {
      "wooCommerce": "success",
      "stripe": "success",
      "shipEngine": "skipped"
    },
    "integrationDetails": {
      "wooCommerce": {
        "status": "success",
        "payload": {
          "status": "pending",
          "created_via": "peppro_app",
          "customer_note": "",
          "set_paid": false,
          "line_items": [
            {
              "name": "Dual Agonist GLP-1 + GIP (Tir) — 40mg",
              "sku": "woo-256",
              "quantity": 2,
              "total": "546.36",
              "meta_data": []
            }
          ],
          "meta_data": [
            {
              "key": "peppro_order_id",
              "value": "1763323194172"
            },
            {
              "key": "peppro_total",
              "value": 546.36
            },
            {
              "key": "peppro_created_at",
              "value": "2025-11-16T19:59:54.172Z"
            },
            {
              "key": "peppro_origin",
              "value": "PepPro Web Checkout"
            }
          ],
          "billing": {
            "first_name": "Mr. Peter J. Gibbons",
            "email": "diggleda@icloud.com"
          }
        },
        "response": {
          "id": 308,
          "number": "308",
          "status": "pending",
          "payment_url": "https://shop.peppro.net/checkout/order-pay/308/?pay_for_order=true&key=wc_order_hLaR6eqOraKkE",
          "order_key": "wc_order_hLaR6eqOraKkE"
        }
      },
      "stripe": {
        "status": "success",
        "clientSecret": "pi_3SUC76LdQwKDgAgZ298LufOg_secret_LbxvsDKolA2lCecIcOkyFUsmu",
        "paymentIntentId": "pi_3SUC76LdQwKDgAgZ298LufOg",
        "eventType": "succeeded",
        "lastSyncAt": "2025-11-16T20:00:09.259Z",
        "wooUpdate": null
      },
      "shipEngine": {
        "status": "skipped",
        "reason": "not_configured"
      }
    },
    "wooOrderId": "308",
    "paymentIntentId": "pi_3SUC76LdQwKDgAgZ298LufOg"
  },
  {
    "id": "1763350409212",
    "userId": "1759372218770",
    "items": [
      {
        "cartItemId": "woo-256::woo-variation-260",
        "productId": "woo-256",
        "variantId": "woo-variation-260",
        "name": "Dual Agonist GLP-1 + GIP (Tir) — 40mg",
        "price": 273.18,
        "quantity": 1,
        "note": null,
        "position": 1
      },
      {
        "cartItemId": "woo-211::woo-variation-217",
        "productId": "woo-211",
        "variantId": "woo-variation-217",
        "name": "GLP-1 (Sema) — 20mg",
        "price": 164.92,
        "quantity": 1,
        "note": null,
        "position": 2
      }
    ],
    "total": 438.1,
    "referralCode": null,
    "status": "paid",
    "createdAt": "2025-11-17T03:33:29.212Z",
    "integrations": {
      "wooCommerce": "success",
      "stripe": "success",
      "shipEngine": "skipped"
    },
    "integrationDetails": {
      "wooCommerce": {
        "status": "success",
        "payload": {
          "status": "pending",
          "created_via": "peppro_app",
          "customer_note": "",
          "set_paid": false,
          "line_items": [
            {
              "name": "Dual Agonist GLP-1 + GIP (Tir) — 40mg",
              "sku": "woo-256",
              "quantity": 1,
              "total": "273.18",
              "meta_data": []
            },
            {
              "name": "GLP-1 (Sema) — 20mg",
              "sku": "woo-211",
              "quantity": 1,
              "total": "164.92",
              "meta_data": []
            }
          ],
          "meta_data": [
            {
              "key": "peppro_order_id",
              "value": "1763350409212"
            },
            {
              "key": "peppro_total",
              "value": 438.1
            },
            {
              "key": "peppro_created_at",
              "value": "2025-11-17T03:33:29.212Z"
            },
            {
              "key": "peppro_origin",
              "value": "PepPro Web Checkout"
            }
          ],
          "billing": {
            "first_name": "Mr. Peter J. Gibbons",
            "email": "diggleda@icloud.com"
          }
        },
        "response": {
          "id": 316,
          "number": "316",
          "status": "pending",
          "payment_url": "https://shop.peppro.net/checkout/order-pay/316/?pay_for_order=true&key=wc_order_hpaD7N52h5cXP",
          "order_key": "wc_order_hpaD7N52h5cXP"
        }
      },
      "stripe": {
        "status": "success",
        "clientSecret": "pi_3SUJC4LdQwKDgAgZ0ca57ULc_secret_LiVNtX6wGGBHchHoEXdyHykWC",
        "paymentIntentId": "pi_3SUJC4LdQwKDgAgZ0ca57ULc",
        "eventType": "succeeded",
        "lastSyncAt": "2025-11-17T03:33:45.084Z",
        "wooUpdate": null
      },
      "shipEngine": {
        "status": "skipped",
        "reason": "not_configured"
      }
    },
    "wooOrderId": "316",
    "paymentIntentId": "pi_3SUJC4LdQwKDgAgZ0ca57ULc"
  },
  {
    "id": "1763353078248",
    "userId": "1759372218770",
    "items": [
      {
        "cartItemId": "woo-256::woo-variation-260",
        "productId": "woo-256",
        "variantId": "woo-variation-260",
        "name": "Dual Agonist GLP-1 + GIP (Tir) — 40mg",
        "price": 273.18,
        "quantity": 1,
        "note": null,
        "position": 1
      }
    ],
    "total": 273.18,
    "referralCode": null,
    "status": "paid",
    "createdAt": "2025-11-17T04:17:58.248Z",
    "integrations": {
      "wooCommerce": "success",
      "stripe": "success",
      "shipEngine": "skipped"
    },
    "integrationDetails": {
      "wooCommerce": {
        "status": "success",
        "payload": {
          "status": "pending",
          "created_via": "peppro_app",
          "customer_note": "",
          "set_paid": false,
          "line_items": [
            {
              "name": "Dual Agonist GLP-1 + GIP (Tir) — 40mg",
              "sku": "woo-256",
              "quantity": 1,
              "total": "273.18",
              "meta_data": []
            }
          ],
          "meta_data": [
            {
              "key": "peppro_order_id",
              "value": "1763353078248"
            },
            {
              "key": "peppro_total",
              "value": 273.18
            },
            {
              "key": "peppro_created_at",
              "value": "2025-11-17T04:17:58.248Z"
            },
            {
              "key": "peppro_origin",
              "value": "PepPro Web Checkout"
            }
          ],
          "billing": {
            "first_name": "Mr. Peter J. Gibbons",
            "email": "diggleda@icloud.com"
          }
        },
        "response": {
          "id": 317,
          "number": "317",
          "status": "pending",
          "payment_url": "https://shop.peppro.net/checkout/order-pay/317/?pay_for_order=true&key=wc_order_4ldzNI5DWuA2I",
          "order_key": "wc_order_4ldzNI5DWuA2I"
        }
      },
      "stripe": {
        "status": "success",
        "clientSecret": "pi_3SUJt7LdQwKDgAgZ3Ubb1GHu_secret_13Sm3WanHtQfrWMyPcHJtBS5k",
        "paymentIntentId": "pi_3SUJt7LdQwKDgAgZ3Ubb1GHu",
        "eventType": "succeeded",
        "lastSyncAt": "2025-11-17T04:18:13.603Z",
        "wooUpdate": null
      },
      "shipEngine": {
        "status": "skipped",
        "reason": "not_configured"
      }
    },
    "wooOrderId": "317",
    "paymentIntentId": "pi_3SUJt7LdQwKDgAgZ3Ubb1GHu"
  },
  {
    "id": "1763518701407",
    "userId": "1759372218770",
    "items": [
      {
        "cartItemId": "woo-256::woo-variation-260",
        "productId": "woo-256",
        "variantId": "woo-variation-260",
        "name": "Dual Agonist GLP-1 + GIP (Tir) — 40mg",
        "price": 273.18,
        "quantity": 12,
        "note": null,
        "position": 1
      },
      {
        "cartItemId": "woo-211::woo-variation-217",
        "productId": "woo-211",
        "variantId": "woo-variation-217",
        "name": "GLP-1 (Sema) — 20mg",
        "price": 164.92,
        "quantity": 1,
        "note": null,
        "position": 2
      }
    ],
    "total": 3443.08,
    "shippingTotal": 0,
    "shippingEstimate": null,
    "shippingAddress": {
      "name": "Mr. Peter J. Gibbons",
      "addressLine1": "6330 S County line rd",
      "addressLine2": "",
      "city": "Burr Ridge",
      "state": "Illinois",
      "postalCode": "60527",
      "country": "US"
    },
    "referralCode": null,
    "status": "paid",
    "createdAt": "2025-11-19T02:18:21.407Z",
    "integrations": {
      "wooCommerce": "success",
      "stripe": "success",
      "shipEngine": "skipped"
    },
    "integrationDetails": {
      "wooCommerce": {
        "status": "success",
        "payload": {
          "status": "pending",
          "created_via": "peppro_app",
          "customer_note": "PepPro Order 1763518701407",
          "set_paid": false,
          "line_items": [
            {
              "name": "Dual Agonist GLP-1 + GIP (Tir) — 40mg",
              "sku": "woo-256",
              "quantity": 12,
              "total": "3278.16",
              "meta_data": []
            },
            {
              "name": "GLP-1 (Sema) — 20mg",
              "sku": "woo-211",
              "quantity": 1,
              "total": "164.92",
              "meta_data": []
            }
          ],
          "meta_data": [
            {
              "key": "peppro_order_id",
              "value": "1763518701407"
            },
            {
              "key": "peppro_total",
              "value": 3443.08
            },
            {
              "key": "peppro_created_at",
              "value": "2025-11-19T02:18:21.407Z"
            },
            {
              "key": "peppro_origin",
              "value": "PepPro Web Checkout"
            },
            {
              "key": "_order_number",
              "value": "1763518701407"
            },
            {
              "key": "_order_number_formatted",
              "value": "1763518701407"
            },
            {
              "key": "peppro_display_order_id",
              "value": "1763518701407"
            }
          ],
          "billing": {
            "first_name": "Mr. Peter J. Gibbons",
            "email": "diggleda@icloud.com"
          }
        },
        "response": {
          "id": 321,
          "number": "321",
          "status": "pending",
          "payment_url": "https://shop.peppro.net/checkout/order-pay/321/?pay_for_order=true&key=wc_order_MltjUJ7ZT28I0",
          "order_key": "wc_order_MltjUJ7ZT28I0"
        }
      },
      "stripe": {
        "status": "success",
        "clientSecret": "pi_3SV0ySLdQwKDgAgZ1BMnSKkz_secret_84g466csAHwXIzFNfIXJtlGzP",
        "paymentIntentId": "pi_3SV0ySLdQwKDgAgZ1BMnSKkz",
        "eventType": "succeeded",
        "lastSyncAt": "2025-11-19T02:18:36.726Z",
        "wooUpdate": null
      },
      "shipEngine": {
        "status": "skipped",
        "reason": "not_configured"
      }
    },
    "wooOrderId": "321",
    "paymentIntentId": "pi_3SV0ySLdQwKDgAgZ1BMnSKkz"
  },
  {
    "id": "1763833110434",
    "userId": "1759372218770",
    "items": [
      {
        "cartItemId": "woo-211::woo-variation-217",
        "productId": "woo-211",
        "variantId": "woo-variation-217",
        "name": "GLP-1 (Sema) — 20mg",
        "price": 164.92,
        "quantity": 4,
        "note": null,
        "position": 1
      }
    ],
    "total": 659.68,
    "shippingTotal": 0,
    "shippingEstimate": null,
    "shippingAddress": {
      "name": "Mr. Peter J. Gibbons",
      "addressLine1": "6330 S County Line Rd",
      "addressLine2": "",
      "city": "Burr Ridge",
      "state": "Illinois",
      "postalCode": "60527",
      "country": "US"
    },
    "referralCode": null,
    "status": "paid",
    "createdAt": "2025-11-22T17:38:30.434Z",
    "integrations": {
      "wooCommerce": "success",
      "stripe": "success",
      "shipEngine": "skipped"
    },
    "integrationDetails": {
      "wooCommerce": {
        "status": "success",
        "payload": {
          "status": "pending",
          "created_via": "peppro_app",
          "customer_note": "PepPro Order 1763833110434",
          "set_paid": false,
          "line_items": [
            {
              "name": "GLP-1 (Sema) — 20mg",
              "sku": "woo-211",
              "quantity": 4,
              "total": "659.68",
              "meta_data": []
            }
          ],
          "meta_data": [
            {
              "key": "peppro_order_id",
              "value": "1763833110434"
            },
            {
              "key": "peppro_total",
              "value": 659.68
            },
            {
              "key": "peppro_created_at",
              "value": "2025-11-22T17:38:30.434Z"
            },
            {
              "key": "peppro_origin",
              "value": "PepPro Web Checkout"
            },
            {
              "key": "_order_number",
              "value": "1763833110434"
            },
            {
              "key": "_order_number_formatted",
              "value": "1763833110434"
            },
            {
              "key": "peppro_display_order_id",
              "value": "1763833110434"
            }
          ],
          "billing": {
            "first_name": "Mr. Peter J. Gibbons",
            "email": "diggleda@icloud.com"
          }
        },
        "response": {
          "id": 326,
          "number": "326",
          "status": "pending",
          "payment_url": "https://shop.peppro.net/checkout/order-pay/326/?pay_for_order=true&key=wc_order_Sec1HqmBBL6IX",
          "order_key": "wc_order_Sec1HqmBBL6IX"
        }
      },
      "stripe": {
        "status": "success",
        "clientSecret": "pi_3SWKlXLdQwKDgAgZ0I5EWELR_secret_f4Yvex9GFt5595U4tb96RZIlH",
        "paymentIntentId": "pi_3SWKlXLdQwKDgAgZ0I5EWELR",
        "eventType": "succeeded",
        "lastSyncAt": "2025-11-22T17:38:43.942Z",
        "wooUpdate": null
      },
      "shipEngine": {
        "status": "skipped",
        "reason": "not_configured"
      }
    },
    "wooOrderId": "326",
    "paymentIntentId": "pi_3SWKlXLdQwKDgAgZ0I5EWELR"
  },
  {
    "id": "1763873047827",
    "userId": "1759372218770",
    "items": [
      {
        "cartItemId": "woo-397::woo-variation-400",
        "productId": "woo-397",
        "variantId": "woo-variation-400",
        "name": "Dual Agonist GLP-1 + GIP (Tir) V — 40mg",
        "price": 272.29,
        "quantity": 1,
        "note": null,
        "position": 1
      }
    ],
    "total": 318.44,
    "shippingTotal": 46.15,
    "shippingEstimate": {
      "carrierId": null,
      "serviceCode": "ups_next_day_air",
      "serviceType": "ups_next_day_air",
      "estimatedDeliveryDays": 0,
      "deliveryDateGuaranteed": null,
      "rate": 46.15,
      "currency": "USD",
      "addressFingerprint": "d3f48189227e0d2f85a3eb25a3fcb48008e48023"
    },
    "shippingAddress": {
      "name": "Mr. Peter J. Gibbons",
      "company": null,
      "addressLine1": "6330 S County Line Rd",
      "addressLine2": "",
      "city": "Burr Ridge",
      "state": "IL",
      "postalCode": "60527",
      "country": "US",
      "phone": null
    },
    "referralCode": null,
    "status": "paid",
    "createdAt": "2025-11-23T04:44:07.827Z",
    "integrations": {
      "wooCommerce": "success",
      "stripe": "success",
      "shipEngine": "skipped",
      "shipStation": "error",
      "inventorySync": "completed",
      "mysql": "skipped"
    },
    "integrationDetails": {
      "wooCommerce": {
        "status": "success",
        "payload": {
          "status": "pending",
          "created_via": "peppro_app",
          "customer_note": "PepPro Order 1763873047827",
          "set_paid": false,
          "line_items": [
            {
              "name": "Dual Agonist GLP-1 + GIP (Tir) V — 40mg",
              "sku": "woo-397",
              "quantity": 1,
              "total": "272.29",
              "meta_data": []
            }
          ],
          "meta_data": [
            {
              "key": "peppro_order_id",
              "value": "1763873047827"
            },
            {
              "key": "peppro_total",
              "value": 318.44
            },
            {
              "key": "peppro_created_at",
              "value": "2025-11-23T04:44:07.827Z"
            },
            {
              "key": "peppro_origin",
              "value": "PepPro Web Checkout"
            },
            {
              "key": "_order_number",
              "value": "1763873047827"
            },
            {
              "key": "_order_number_formatted",
              "value": "1763873047827"
            },
            {
              "key": "peppro_display_order_id",
              "value": "1763873047827"
            },
            {
              "key": "peppro_shipping_total",
              "value": 46.15
            },
            {
              "key": "peppro_shipping_estimate",
              "value": "{\"carrierId\":null,\"serviceCode\":\"ups_next_day_air\",\"serviceType\":\"ups_next_day_air\",\"estimatedDeliveryDays\":0,\"deliveryDateGuaranteed\":null,\"rate\":46.15,\"currency\":\"USD\",\"addressFingerprint\":\"d3f48189227e0d2f85a3eb25a3fcb48008e48023\"}"
            }
          ],
          "billing": {
            "first_name": "Mr. Peter J. Gibbons",
            "email": "diggleda@icloud.com"
          },
          "shipping": {
            "first_name": "Mr. Peter J. Gibbons",
            "address_1": "6330 S County Line Rd",
            "address_2": "",
            "city": "Burr Ridge",
            "state": "IL",
            "postcode": "60527",
            "country": "US"
          },
          "shipping_lines": [
            {
              "method_id": "peppro_shipstation",
              "method_title": "PepPro Shipping",
              "total": "46.15"
            }
          ]
        },
        "response": {
          "id": 423,
          "number": "423",
          "status": "pending",
          "payment_url": "https://shop.peppro.net/checkout/order-pay/423/?pay_for_order=true&key=wc_order_NRBaWr4Y3mEOv",
          "order_key": "wc_order_NRBaWr4Y3mEOv"
        }
      },
      "shipStation": {
        "status": "error",
        "message": "ShipStation order creation failed",
        "details": {
          "message": "Request failed with status code 400"
        }
      },
      "stripe": {
        "status": "success",
        "clientSecret": "pi_3SWV9iLdQwKDgAgZ2dNuChLb_secret_j87dnZ7cCdvEQPucAT1hK6OEJ",
        "paymentIntentId": "pi_3SWV9iLdQwKDgAgZ2dNuChLb",
        "eventType": "succeeded",
        "lastSyncAt": "2025-11-23T04:44:22.204Z",
        "wooUpdate": null
      },
      "shipEngine": {
        "status": "skipped",
        "reason": "shipstation_enabled"
      },
      "inventorySync": {
        "status": "completed",
        "total": 1,
        "results": [
          {
            "sku": "woo-397",
            "status": "shipstation_not_found"
          }
        ]
      },
      "mysql": {
        "status": "skipped",
        "reason": "mysql_disabled"
      }
    },
    "wooOrderId": "423",
    "paymentIntentId": "pi_3SWV9iLdQwKDgAgZ2dNuChLb"
  },
  {
    "id": "1764180467182",
    "userId": "1763997887996",
    "items": [
      {
        "cartItemId": "woo-397::woo-variation-400",
        "productId": "woo-397",
        "variantId": "woo-variation-400",
        "name": "Dual Agonist GLP-1 + GIP (Tir) V — 40mg",
        "price": 272.29,
        "quantity": 100,
        "note": null,
        "position": 1
      }
    ],
    "total": 27306.910000000003,
    "shippingTotal": 77.91,
    "shippingEstimate": {
      "carrierId": null,
      "serviceCode": "ups_next_day_air_early_am",
      "serviceType": "ups_next_day_air_early_am",
      "estimatedDeliveryDays": 0,
      "deliveryDateGuaranteed": null,
      "rate": 77.91,
      "currency": "USD",
      "addressFingerprint": "d3f48189227e0d2f85a3eb25a3fcb48008e48023"
    },
    "shippingAddress": {
      "name": "Jackelyn Kelley",
      "company": null,
      "addressLine1": "6330 S County Line Rd",
      "addressLine2": "",
      "city": "Burr Ridge",
      "state": "IL",
      "postalCode": "60527",
      "country": "US",
      "phone": null
    },
    "billingAddress": {
      "name": "Jackelyn Kelley",
      "company": null,
      "addressLine1": "6330 S County Line Rd",
      "addressLine2": null,
      "city": "Burr Ridge",
      "state": "IL",
      "postalCode": "60527",
      "country": "US",
      "phone": null,
      "email": "diggledadiggz@gmail.com"
    },
    "referralCode": null,
    "status": "paid",
    "createdAt": "2025-11-26T18:07:47.182Z",
    "physicianCertificationAccepted": true,
    "integrations": {
      "wooCommerce": "success",
      "stripe": "success",
      "shipEngine": "skipped",
      "shipStation": "error",
      "inventorySync": "completed",
      "mysql": "skipped"
    },
    "integrationDetails": {
      "wooCommerce": {
        "status": "success",
        "payload": {
          "status": "pending",
          "created_via": "peppro_app",
          "customer_note": "PepPro Order 1764180467182",
          "set_paid": false,
          "line_items": [
            {
              "name": "Dual Agonist GLP-1 + GIP (Tir) V — 40mg",
              "sku": "woo-397",
              "quantity": 100,
              "total": "27229.00",
              "meta_data": []
            }
          ],
          "meta_data": [
            {
              "key": "peppro_order_id",
              "value": "1764180467182"
            },
            {
              "key": "peppro_total",
              "value": 27306.910000000003
            },
            {
              "key": "peppro_created_at",
              "value": "2025-11-26T18:07:47.182Z"
            },
            {
              "key": "peppro_origin",
              "value": "PepPro Web Checkout"
            },
            {
              "key": "_order_number",
              "value": "1764180467182"
            },
            {
              "key": "_order_number_formatted",
              "value": "1764180467182"
            },
            {
              "key": "peppro_display_order_id",
              "value": "1764180467182"
            },
            {
              "key": "peppro_shipping_total",
              "value": 77.91
            },
            {
              "key": "peppro_shipping_estimate",
              "value": "{\"carrierId\":null,\"serviceCode\":\"ups_next_day_air_early_am\",\"serviceType\":\"ups_next_day_air_early_am\",\"estimatedDeliveryDays\":0,\"deliveryDateGuaranteed\":null,\"rate\":77.91,\"currency\":\"USD\",\"addressFingerprint\":\"d3f48189227e0d2f85a3eb25a3fcb48008e48023\"}"
            }
          ],
          "billing": {
            "first_name": "Jackelyn Kelley",
            "email": "diggledadiggz@gmail.com"
          },
          "shipping": {
            "first_name": "Jackelyn Kelley",
            "address_1": "6330 S County Line Rd",
            "address_2": "",
            "city": "Burr Ridge",
            "state": "IL",
            "postcode": "60527",
            "country": "US"
          },
          "shipping_lines": [
            {
              "method_id": "peppro_shipstation",
              "method_title": "PepPro Shipping",
              "total": "77.91"
            }
          ]
        },
        "response": {
          "id": 437,
          "number": "437",
          "status": "pending",
          "payment_url": "https://shop.peppro.net/checkout/order-pay/437/?pay_for_order=true&key=wc_order_VrUz9oAz4d6Jb",
          "order_key": "wc_order_VrUz9oAz4d6Jb"
        }
      },
      "shipStation": {
        "status": "error",
        "message": "ShipStation order creation failed",
        "details": {
          "message": "Request failed with status code 400"
        }
      },
      "stripe": {
        "status": "success",
        "clientSecret": "pi_3SXn85LdQwKDgAgZ2I40ZQPN_secret_7rCMvTxFwd46Ik83f1oARju0N",
        "paymentIntentId": "pi_3SXn85LdQwKDgAgZ2I40ZQPN",
        "eventType": "succeeded",
        "lastSyncAt": "2025-11-26T18:08:02.064Z",
        "wooUpdate": null
      },
      "shipEngine": {
        "status": "skipped",
        "reason": "shipstation_enabled"
      },
      "inventorySync": {
        "status": "completed",
        "total": 1,
        "results": [
          {
            "sku": "woo-397",
            "status": "shipstation_not_found"
          }
        ]
      },
      "mysql": {
        "status": "skipped",
        "reason": "mysql_disabled"
      }
    },
    "wooOrderId": "437",
    "paymentIntentId": "pi_3SXn85LdQwKDgAgZ2I40ZQPN",
    "paymentMethod": "Card on file"
  },
  {
    "id": "1764180679518",
    "userId": "1763997887996",
    "items": [
      {
        "cartItemId": "woo-397::woo-variation-400",
        "productId": "woo-397",
        "variantId": "woo-variation-400",
        "name": "Dual Agonist GLP-1 + GIP (Tir) V — 40mg",
        "price": 272.29,
        "quantity": 100,
        "note": null,
        "position": 1
      }
    ],
    "total": 27275.150000000005,
    "shippingTotal": 46.15,
    "shippingEstimate": {
      "carrierId": null,
      "serviceCode": "ups_next_day_air",
      "serviceType": "ups_next_day_air",
      "estimatedDeliveryDays": 0,
      "deliveryDateGuaranteed": null,
      "rate": 46.15,
      "currency": "USD",
      "addressFingerprint": "d3f48189227e0d2f85a3eb25a3fcb48008e48023"
    },
    "shippingAddress": {
      "name": "Jackelyn Kelley",
      "company": null,
      "addressLine1": "6330 S County Line Rd",
      "addressLine2": "",
      "city": "Burr Ridge",
      "state": "IL",
      "postalCode": "60527",
      "country": "US",
      "phone": null
    },
    "billingAddress": {
      "name": "Jackelyn Kelley",
      "company": null,
      "addressLine1": "6330 S County Line Rd",
      "addressLine2": null,
      "city": "Burr Ridge",
      "state": "IL",
      "postalCode": "60527",
      "country": "US",
      "phone": null,
      "email": "diggledadiggz@gmail.com"
    },
    "referralCode": null,
    "status": "paid",
    "createdAt": "2025-11-26T18:11:19.518Z",
    "physicianCertificationAccepted": true,
    "integrations": {
      "wooCommerce": "success",
      "stripe": "success",
      "shipEngine": "skipped",
      "shipStation": "error",
      "inventorySync": "completed",
      "mysql": "skipped"
    },
    "integrationDetails": {
      "wooCommerce": {
        "status": "success",
        "payload": {
          "status": "pending",
          "created_via": "peppro_app",
          "customer_note": "PepPro Order 1764180679518",
          "set_paid": false,
          "line_items": [
            {
              "name": "Dual Agonist GLP-1 + GIP (Tir) V — 40mg",
              "sku": "woo-397",
              "quantity": 100,
              "total": "27229.00",
              "meta_data": []
            }
          ],
          "meta_data": [
            {
              "key": "peppro_order_id",
              "value": "1764180679518"
            },
            {
              "key": "peppro_total",
              "value": 27275.150000000005
            },
            {
              "key": "peppro_created_at",
              "value": "2025-11-26T18:11:19.518Z"
            },
            {
              "key": "peppro_origin",
              "value": "PepPro Web Checkout"
            },
            {
              "key": "_order_number",
              "value": "1764180679518"
            },
            {
              "key": "_order_number_formatted",
              "value": "1764180679518"
            },
            {
              "key": "peppro_display_order_id",
              "value": "1764180679518"
            },
            {
              "key": "peppro_shipping_total",
              "value": 46.15
            },
            {
              "key": "peppro_shipping_estimate",
              "value": "{\"carrierId\":null,\"serviceCode\":\"ups_next_day_air\",\"serviceType\":\"ups_next_day_air\",\"estimatedDeliveryDays\":0,\"deliveryDateGuaranteed\":null,\"rate\":46.15,\"currency\":\"USD\",\"addressFingerprint\":\"d3f48189227e0d2f85a3eb25a3fcb48008e48023\"}"
            }
          ],
          "billing": {
            "first_name": "Jackelyn Kelley",
            "email": "diggledadiggz@gmail.com"
          },
          "shipping": {
            "first_name": "Jackelyn Kelley",
            "address_1": "6330 S County Line Rd",
            "address_2": "",
            "city": "Burr Ridge",
            "state": "IL",
            "postcode": "60527",
            "country": "US"
          },
          "shipping_lines": [
            {
              "method_id": "peppro_shipstation",
              "method_title": "PepPro Shipping",
              "total": "46.15"
            }
          ]
        },
        "response": {
          "id": 438,
          "number": "438",
          "status": "pending",
          "payment_url": "https://shop.peppro.net/checkout/order-pay/438/?pay_for_order=true&key=wc_order_5aTY4Syn4rWev",
          "order_key": "wc_order_5aTY4Syn4rWev"
        }
      },
      "shipStation": {
        "status": "error",
        "message": "ShipStation order creation failed",
        "details": {
          "message": "Request failed with status code 400"
        }
      },
      "stripe": {
        "status": "success",
        "clientSecret": "pi_3SXnBWLdQwKDgAgZ1mA7hl98_secret_YcIe7LH8I9fsC8jTBnmv6H9AD",
        "paymentIntentId": "pi_3SXnBWLdQwKDgAgZ1mA7hl98",
        "eventType": "succeeded",
        "lastSyncAt": "2025-11-26T18:11:34.902Z",
        "wooUpdate": null
      },
      "shipEngine": {
        "status": "skipped",
        "reason": "shipstation_enabled"
      },
      "inventorySync": {
        "status": "completed",
        "total": 1,
        "results": [
          {
            "sku": "woo-397",
            "status": "shipstation_not_found"
          }
        ]
      },
      "mysql": {
        "status": "skipped",
        "reason": "mysql_disabled"
      }
    },
    "wooOrderId": "438",
    "paymentIntentId": "pi_3SXnBWLdQwKDgAgZ1mA7hl98",
    "paymentMethod": "Card on file"
  },
  {
    "id": "1764188412862",
    "userId": "1763997887996",
    "items": [
      {
        "cartItemId": "woo-432::woo-variation-433",
        "productId": "woo-432",
        "variantId": "woo-variation-433",
        "name": "PT-141 / Oxytocin / Tesamorelin N — 10mg / 3mg / 10mg N",
        "price": 236.84,
        "quantity": 1,
        "note": null,
        "position": 1
      }
    ],
    "total": 282.99,
    "shippingTotal": 46.15,
    "shippingEstimate": {
      "carrierId": null,
      "serviceCode": "ups_next_day_air",
      "serviceType": "ups_next_day_air",
      "estimatedDeliveryDays": 0,
      "deliveryDateGuaranteed": null,
      "rate": 46.15,
      "currency": "USD",
      "addressFingerprint": "d3f48189227e0d2f85a3eb25a3fcb48008e48023"
    },
    "shippingAddress": {
      "name": "Jackelyn Kelley",
      "company": null,
      "addressLine1": "6330 S County Line Rd",
      "addressLine2": "",
      "city": "Burr Ridge",
      "state": "IL",
      "postalCode": "60527",
      "country": "US",
      "phone": null
    },
    "billingAddress": {
      "name": "Jackelyn Kelley",
      "company": null,
      "addressLine1": "6330 S County Line Rd",
      "addressLine2": null,
      "city": "Burr Ridge",
      "state": "IL",
      "postalCode": "60527",
      "country": "US",
      "phone": null,
      "email": "diggledadiggz@gmail.com"
    },
    "referralCode": null,
    "status": "paid",
    "createdAt": "2025-11-26T20:20:12.862Z",
    "physicianCertificationAccepted": true,
    "integrations": {
      "wooCommerce": "success",
      "stripe": "success",
      "shipEngine": "skipped",
      "shipStation": "error",
      "inventorySync": "completed",
      "mysql": "skipped"
    },
    "integrationDetails": {
      "wooCommerce": {
        "status": "success",
        "payload": {
          "status": "pending",
          "created_via": "peppro_app",
          "customer_note": "PepPro Order 1764188412862",
          "set_paid": false,
          "line_items": [
            {
              "name": "PT-141 / Oxytocin / Tesamorelin N — 10mg / 3mg / 10mg N",
              "sku": "woo-432",
              "quantity": 1,
              "total": "236.84",
              "meta_data": []
            }
          ],
          "meta_data": [
            {
              "key": "peppro_order_id",
              "value": "1764188412862"
            },
            {
              "key": "peppro_total",
              "value": 282.99
            },
            {
              "key": "peppro_created_at",
              "value": "2025-11-26T20:20:12.862Z"
            },
            {
              "key": "peppro_origin",
              "value": "PepPro Web Checkout"
            },
            {
              "key": "_order_number",
              "value": "1764188412862"
            },
            {
              "key": "_order_number_formatted",
              "value": "1764188412862"
            },
            {
              "key": "peppro_display_order_id",
              "value": "1764188412862"
            },
            {
              "key": "peppro_shipping_total",
              "value": 46.15
            },
            {
              "key": "peppro_shipping_estimate",
              "value": "{\"carrierId\":null,\"serviceCode\":\"ups_next_day_air\",\"serviceType\":\"ups_next_day_air\",\"estimatedDeliveryDays\":0,\"deliveryDateGuaranteed\":null,\"rate\":46.15,\"currency\":\"USD\",\"addressFingerprint\":\"d3f48189227e0d2f85a3eb25a3fcb48008e48023\"}"
            }
          ],
          "billing": {
            "first_name": "Jackelyn Kelley",
            "email": "diggledadiggz@gmail.com"
          },
          "shipping": {
            "first_name": "Jackelyn Kelley",
            "address_1": "6330 S County Line Rd",
            "address_2": "",
            "city": "Burr Ridge",
            "state": "IL",
            "postcode": "60527",
            "country": "US"
          },
          "shipping_lines": [
            {
              "method_id": "peppro_shipstation",
              "method_title": "PepPro Shipping",
              "total": "46.15"
            }
          ]
        },
        "response": {
          "id": 439,
          "number": "439",
          "status": "pending",
          "payment_url": "https://shop.peppro.net/checkout/order-pay/439/?pay_for_order=true&key=wc_order_hCyr0tg6c0JKQ",
          "order_key": "wc_order_hCyr0tg6c0JKQ"
        }
      },
      "shipStation": {
        "status": "error",
        "message": "ShipStation order creation failed",
        "details": {
          "message": "Request failed with status code 400"
        }
      },
      "stripe": {
        "status": "success",
        "clientSecret": "pi_3SXpCFLdQwKDgAgZ2enDng6C_secret_mNyR8dLcIle6syrJ3Ym9hdFs1",
        "paymentIntentId": "pi_3SXpCFLdQwKDgAgZ2enDng6C",
        "eventType": "succeeded",
        "lastSyncAt": "2025-11-26T20:20:28.031Z",
        "wooUpdate": null
      },
      "shipEngine": {
        "status": "skipped",
        "reason": "shipstation_enabled"
      },
      "inventorySync": {
        "status": "completed",
        "total": 1,
        "results": [
          {
            "sku": "woo-432",
            "status": "shipstation_not_found"
          }
        ]
      },
      "mysql": {
        "status": "skipped",
        "reason": "mysql_disabled"
      }
    },
    "wooOrderId": "439",
    "paymentIntentId": "pi_3SXpCFLdQwKDgAgZ2enDng6C",
    "paymentMethod": "Card on file"
  },
  {
    "id": "1764263979421",
    "userId": "1763997887996",
    "items": [
      {
        "cartItemId": "woo-389::woo-variation-412",
        "productId": "woo-389",
        "variantId": "woo-variation-412",
        "name": "TB-500 N — 30mg",
        "price": 120.09,
        "quantity": 13,
        "note": null,
        "position": 1
      }
    ],
    "total": 1607.3200000000002,
    "shippingTotal": 46.15,
    "shippingEstimate": {
      "carrierId": null,
      "serviceCode": "ups_next_day_air",
      "serviceType": "ups_next_day_air",
      "estimatedDeliveryDays": 0,
      "deliveryDateGuaranteed": null,
      "rate": 46.15,
      "currency": "USD",
      "addressFingerprint": "d3f48189227e0d2f85a3eb25a3fcb48008e48023"
    },
    "shippingAddress": {
      "name": "Jackelyn Kelley",
      "company": null,
      "addressLine1": "6330 S County Line Rd",
      "addressLine2": "",
      "city": "Burr Ridge",
      "state": "IL",
      "postalCode": "60527",
      "country": "US",
      "phone": null
    },
    "billingAddress": {
      "name": "Jackelyn Kelley",
      "company": null,
      "addressLine1": "6330 S County Line Rd",
      "addressLine2": null,
      "city": "Burr Ridge",
      "state": "IL",
      "postalCode": "60527",
      "country": "US",
      "phone": null,
      "email": "diggledadiggz@gmail.com"
    },
    "referralCode": null,
    "status": "paid",
    "createdAt": "2025-11-27T17:19:39.421Z",
    "physicianCertificationAccepted": true,
    "integrations": {
      "wooCommerce": "success",
      "stripe": "success",
      "shipEngine": "skipped",
      "shipStation": "error",
      "inventorySync": "completed",
      "mysql": "skipped"
    },
    "integrationDetails": {
      "wooCommerce": {
        "status": "success",
        "payload": {
          "status": "pending",
          "created_via": "peppro_app",
          "customer_note": "PepPro Order 1764263979421",
          "set_paid": false,
          "line_items": [
            {
              "name": "TB-500 N — 30mg",
              "sku": "woo-389",
              "quantity": 13,
              "total": "1561.17",
              "meta_data": []
            }
          ],
          "meta_data": [
            {
              "key": "peppro_order_id",
              "value": "1764263979421"
            },
            {
              "key": "peppro_total",
              "value": 1607.3200000000002
            },
            {
              "key": "peppro_created_at",
              "value": "2025-11-27T17:19:39.421Z"
            },
            {
              "key": "peppro_origin",
              "value": "PepPro Web Checkout"
            },
            {
              "key": "_order_number",
              "value": "1764263979421"
            },
            {
              "key": "_order_number_formatted",
              "value": "1764263979421"
            },
            {
              "key": "peppro_display_order_id",
              "value": "1764263979421"
            },
            {
              "key": "peppro_shipping_total",
              "value": 46.15
            },
            {
              "key": "peppro_shipping_estimate",
              "value": "{\"carrierId\":null,\"serviceCode\":\"ups_next_day_air\",\"serviceType\":\"ups_next_day_air\",\"estimatedDeliveryDays\":0,\"deliveryDateGuaranteed\":null,\"rate\":46.15,\"currency\":\"USD\",\"addressFingerprint\":\"d3f48189227e0d2f85a3eb25a3fcb48008e48023\"}"
            }
          ],
          "billing": {
            "first_name": "Jackelyn Kelley",
            "email": "diggledadiggz@gmail.com"
          },
          "shipping": {
            "first_name": "Jackelyn Kelley",
            "address_1": "6330 S County Line Rd",
            "address_2": "",
            "city": "Burr Ridge",
            "state": "IL",
            "postcode": "60527",
            "country": "US"
          },
          "shipping_lines": [
            {
              "method_id": "peppro_shipstation",
              "method_title": "PepPro Shipping",
              "total": "46.15"
            }
          ]
        },
        "response": {
          "id": 440,
          "number": "440",
          "status": "pending",
          "payment_url": "https://shop.peppro.net/checkout/order-pay/440/?pay_for_order=true&key=wc_order_qpoMxKQ0SQWZ2",
          "order_key": "wc_order_qpoMxKQ0SQWZ2"
        }
      },
      "shipStation": {
        "status": "error",
        "message": "ShipStation order creation failed",
        "details": {
          "message": "Request failed with status code 400"
        }
      },
      "stripe": {
        "status": "success",
        "clientSecret": "pi_3SY8r6LdQwKDgAgZ2qvvC7Ge_secret_ov4mclTtl12LjtnsfQDWEnCOU",
        "paymentIntentId": "pi_3SY8r6LdQwKDgAgZ2qvvC7Ge",
        "eventType": "succeeded",
        "lastSyncAt": "2025-11-27T17:19:56.557Z",
        "wooUpdate": null
      },
      "shipEngine": {
        "status": "skipped",
        "reason": "shipstation_enabled"
      },
      "inventorySync": {
        "status": "completed",
        "total": 1,
        "results": [
          {
            "sku": "woo-389",
            "status": "shipstation_not_found"
          }
        ]
      },
      "mysql": {
        "status": "skipped",
        "reason": "mysql_disabled"
      }
    },
    "wooOrderId": "440",
    "paymentIntentId": "pi_3SY8r6LdQwKDgAgZ2qvvC7Ge",
    "paymentMethod": "Card on file"
  },
  {
    "id": "1764264195109",
    "userId": "1763997887996",
    "items": [
      {
        "cartItemId": "woo-432::woo-variation-433",
        "productId": "woo-432",
        "variantId": "woo-variation-433",
        "name": "PT-141 / Oxytocin / Tesamorelin N — 10mg / 3mg / 10mg N",
        "price": 236.84,
        "quantity": 2,
        "note": null,
        "position": 1
      }
    ],
    "total": 484.35,
    "shippingTotal": 10.67,
    "shippingEstimate": {
      "carrierId": null,
      "serviceCode": "ups_3_day_select",
      "serviceType": "ups_3_day_select",
      "estimatedDeliveryDays": 0,
      "deliveryDateGuaranteed": null,
      "rate": 10.67,
      "currency": "USD",
      "addressFingerprint": "d3f48189227e0d2f85a3eb25a3fcb48008e48023"
    },
    "shippingAddress": {
      "name": "Jackelyn Kelley",
      "company": null,
      "addressLine1": "6330 S County Line Rd",
      "addressLine2": "",
      "city": "Burr Ridge",
      "state": "IL",
      "postalCode": "60527",
      "country": "US",
      "phone": null
    },
    "billingAddress": {
      "name": "Jackelyn Kelley",
      "company": null,
      "addressLine1": "6330 S County Line Rd",
      "addressLine2": null,
      "city": "Burr Ridge",
      "state": "IL",
      "postalCode": "60527",
      "country": "US",
      "phone": null,
      "email": "diggledadiggz@gmail.com"
    },
    "referralCode": null,
    "status": "paid",
    "createdAt": "2025-11-27T17:23:15.109Z",
    "physicianCertificationAccepted": true,
    "integrations": {
      "wooCommerce": "success",
      "stripe": "success",
      "shipEngine": "skipped",
      "shipStation": "error",
      "inventorySync": "completed",
      "mysql": "skipped"
    },
    "integrationDetails": {
      "wooCommerce": {
        "status": "success",
        "payload": {
          "status": "pending",
          "created_via": "peppro_app",
          "customer_note": "PepPro Order 1764264195109",
          "set_paid": false,
          "line_items": [
            {
              "name": "PT-141 / Oxytocin / Tesamorelin N — 10mg / 3mg / 10mg N",
              "sku": "woo-432",
              "quantity": 2,
              "total": "473.68",
              "meta_data": []
            }
          ],
          "meta_data": [
            {
              "key": "peppro_order_id",
              "value": "1764264195109"
            },
            {
              "key": "peppro_total",
              "value": 484.35
            },
            {
              "key": "peppro_created_at",
              "value": "2025-11-27T17:23:15.109Z"
            },
            {
              "key": "peppro_origin",
              "value": "PepPro Web Checkout"
            },
            {
              "key": "_order_number",
              "value": "1764264195109"
            },
            {
              "key": "_order_number_formatted",
              "value": "1764264195109"
            },
            {
              "key": "peppro_display_order_id",
              "value": "1764264195109"
            },
            {
              "key": "peppro_shipping_total",
              "value": 10.67
            },
            {
              "key": "peppro_shipping_estimate",
              "value": "{\"carrierId\":null,\"serviceCode\":\"ups_3_day_select\",\"serviceType\":\"ups_3_day_select\",\"estimatedDeliveryDays\":0,\"deliveryDateGuaranteed\":null,\"rate\":10.67,\"currency\":\"USD\",\"addressFingerprint\":\"d3f48189227e0d2f85a3eb25a3fcb48008e48023\"}"
            }
          ],
          "billing": {
            "first_name": "Jackelyn Kelley",
            "email": "diggledadiggz@gmail.com"
          },
          "shipping": {
            "first_name": "Jackelyn Kelley",
            "address_1": "6330 S County Line Rd",
            "address_2": "",
            "city": "Burr Ridge",
            "state": "IL",
            "postcode": "60527",
            "country": "US"
          },
          "shipping_lines": [
            {
              "method_id": "peppro_shipstation",
              "method_title": "PepPro Shipping",
              "total": "10.67"
            }
          ]
        },
        "response": {
          "id": 441,
          "number": "441",
          "status": "pending",
          "payment_url": "https://shop.peppro.net/checkout/order-pay/441/?pay_for_order=true&key=wc_order_fx7AlJ22oqK8A",
          "order_key": "wc_order_fx7AlJ22oqK8A"
        }
      },
      "shipStation": {
        "status": "error",
        "message": "ShipStation order creation failed",
        "details": {
          "message": "Request failed with status code 400"
        }
      },
      "stripe": {
        "status": "success",
        "clientSecret": "pi_3SY8uXLdQwKDgAgZ1WbgWpqt_secret_C91Vot9APM6NBWrS2RkKuUbha",
        "paymentIntentId": "pi_3SY8uXLdQwKDgAgZ1WbgWpqt",
        "eventType": "succeeded",
        "lastSyncAt": "2025-11-27T17:23:29.755Z",
        "wooUpdate": null
      },
      "shipEngine": {
        "status": "skipped",
        "reason": "shipstation_enabled"
      },
      "inventorySync": {
        "status": "completed",
        "total": 1,
        "results": [
          {
            "sku": "woo-432",
            "status": "shipstation_not_found"
          }
        ]
      },
      "mysql": {
        "status": "skipped",
        "reason": "mysql_disabled"
      }
    },
    "wooOrderId": "441",
    "wooOrderNumber": "441",
    "paymentIntentId": "pi_3SY8uXLdQwKDgAgZ1WbgWpqt",
    "paymentMethod": "Card on file"
  },
  {
    "id": "1764265852516",
    "userId": "1763997887996",
    "items": [
      {
        "cartItemId": "woo-397::woo-variation-400",
        "productId": "woo-397",
        "variantId": "woo-variation-400",
        "name": "Dual Agonist GLP-1 + GIP (Tir) V — 40mg",
        "price": 272.29,
        "quantity": 1,
        "note": null,
        "position": 1
      }
    ],
    "total": 284.54,
    "shippingTotal": 12.25,
    "shippingEstimate": {
      "carrierId": null,
      "serviceCode": "ups_2nd_day_air",
      "serviceType": "ups_2nd_day_air",
      "estimatedDeliveryDays": 0,
      "deliveryDateGuaranteed": null,
      "rate": 12.25,
      "currency": "USD",
      "addressFingerprint": "d3f48189227e0d2f85a3eb25a3fcb48008e48023"
    },
    "shippingAddress": {
      "name": "Jackelyn Kelley",
      "company": null,
      "addressLine1": "6330 S County Line Rd",
      "addressLine2": "",
      "city": "Burr Ridge",
      "state": "IL",
      "postalCode": "60527",
      "country": "US",
      "phone": null
    },
    "billingAddress": {
      "name": "Jackelyn Kelley",
      "company": null,
      "addressLine1": "6330 S County Line Rd",
      "addressLine2": null,
      "city": "Burr Ridge",
      "state": "IL",
      "postalCode": "60527",
      "country": "US",
      "phone": null,
      "email": "diggledadiggz@gmail.com"
    },
    "referralCode": null,
    "status": "paid",
    "createdAt": "2025-11-27T17:50:52.516Z",
    "physicianCertificationAccepted": true,
    "integrations": {
      "wooCommerce": "success",
      "stripe": "success",
      "shipEngine": "skipped",
      "shipStation": "error",
      "inventorySync": "completed",
      "mysql": "skipped"
    },
    "integrationDetails": {
      "wooCommerce": {
        "status": "success",
        "payload": {
          "status": "pending",
          "created_via": "peppro_app",
          "customer_note": "PepPro Order 1764265852516",
          "set_paid": false,
          "line_items": [
            {
              "name": "Dual Agonist GLP-1 + GIP (Tir) V — 40mg",
              "sku": "woo-397",
              "quantity": 1,
              "total": "272.29",
              "meta_data": []
            }
          ],
          "meta_data": [
            {
              "key": "peppro_order_id",
              "value": "1764265852516"
            },
            {
              "key": "peppro_total",
              "value": 284.54
            },
            {
              "key": "peppro_created_at",
              "value": "2025-11-27T17:50:52.516Z"
            },
            {
              "key": "peppro_origin",
              "value": "PepPro Web Checkout"
            },
            {
              "key": "_order_number",
              "value": "1764265852516"
            },
            {
              "key": "_order_number_formatted",
              "value": "1764265852516"
            },
            {
              "key": "peppro_display_order_id",
              "value": "1764265852516"
            },
            {
              "key": "peppro_shipping_total",
              "value": 12.25
            },
            {
              "key": "peppro_shipping_estimate",
              "value": "{\"carrierId\":null,\"serviceCode\":\"ups_2nd_day_air\",\"serviceType\":\"ups_2nd_day_air\",\"estimatedDeliveryDays\":0,\"deliveryDateGuaranteed\":null,\"rate\":12.25,\"currency\":\"USD\",\"addressFingerprint\":\"d3f48189227e0d2f85a3eb25a3fcb48008e48023\"}"
            }
          ],
          "billing": {
            "first_name": "Jackelyn Kelley",
            "email": "diggledadiggz@gmail.com"
          },
          "shipping": {
            "first_name": "Jackelyn Kelley",
            "address_1": "6330 S County Line Rd",
            "address_2": "",
            "city": "Burr Ridge",
            "state": "IL",
            "postcode": "60527",
            "country": "US"
          },
          "shipping_lines": [
            {
              "method_id": "peppro_shipstation",
              "method_title": "PepPro Shipping",
              "total": "12.25"
            }
          ]
        },
        "response": {
          "id": 443,
          "number": "443",
          "status": "pending",
          "payment_url": "https://shop.peppro.net/checkout/order-pay/443/?pay_for_order=true&key=wc_order_szVKRnkEFo2Si",
          "order_key": "wc_order_szVKRnkEFo2Si"
        }
      },
      "shipStation": {
        "status": "error",
        "message": "ShipStation order creation failed",
        "details": {
          "message": "Request failed with status code 400"
        }
      },
      "stripe": {
        "status": "success",
        "clientSecret": "pi_3SY9LHLdQwKDgAgZ3HMBwPGl_secret_qy8gBbNNcX3Ypng4LO8TkSInd",
        "paymentIntentId": "pi_3SY9LHLdQwKDgAgZ3HMBwPGl",
        "eventType": "succeeded",
        "lastSyncAt": "2025-11-27T17:51:23.832Z",
        "wooUpdate": null
      },
      "shipEngine": {
        "status": "skipped",
        "reason": "shipstation_enabled"
      },
      "inventorySync": {
        "status": "completed",
        "total": 1,
        "results": [
          {
            "sku": "woo-397",
            "status": "shipstation_not_found"
          }
        ]
      },
      "mysql": {
        "status": "skipped",
        "reason": "mysql_disabled"
      }
    },
    "wooOrderId": "443",
    "wooOrderNumber": "443",
    "paymentIntentId": "pi_3SY9LHLdQwKDgAgZ3HMBwPGl",
    "paymentMethod": "Card on file"
  },
  {
    "id": "1764278320061",
    "userId": "1763997887996",
    "items": [
      {
        "cartItemId": "woo-392::woo-variation-408",
        "productId": "woo-392",
        "variantId": "woo-variation-408",
        "name": "Tesamorelin V — 10mg",
        "price": 130.06,
        "quantity": 1,
        "note": null,
        "position": 1
      }
    ],
    "total": 176.21,
    "taxTotal": 0,
    "itemsSubtotal": 130.06,
    "shippingTotal": 46.15,
    "shippingEstimate": {
      "carrierId": null,
      "serviceCode": "ups_next_day_air",
      "serviceType": "ups_next_day_air",
      "estimatedDeliveryDays": 0,
      "deliveryDateGuaranteed": null,
      "rate": 46.15,
      "currency": "USD",
      "addressFingerprint": "d3f48189227e0d2f85a3eb25a3fcb48008e48023"
    },
    "shippingAddress": {
      "name": "Jackelyn Kelley",
      "company": null,
      "addressLine1": "6330 S County Line Rd",
      "addressLine2": "",
      "city": "Burr Ridge",
      "state": "IL",
      "postalCode": "60527",
      "country": "US",
      "phone": null
    },
    "billingAddress": {
      "name": "Jackelyn Kelley",
      "company": null,
      "addressLine1": "6330 S County Line Rd",
      "addressLine2": null,
      "city": "Burr Ridge",
      "state": "IL",
      "postalCode": "60527",
      "country": "US",
      "phone": null,
      "email": "diggledadiggz@gmail.com"
    },
    "referralCode": null,
    "status": "paid",
    "createdAt": "2025-11-27T21:18:40.061Z",
    "physicianCertificationAccepted": true,
    "integrations": {
      "wooCommerce": "success",
      "stripe": "success",
      "shipEngine": "skipped",
      "shipStation": "error",
      "inventorySync": "completed",
      "mysql": "skipped"
    },
    "integrationDetails": {
      "wooCommerce": {
        "status": "success",
        "payload": {
          "status": "pending",
          "created_via": "peppro_app",
          "customer_note": "PepPro Order 1764278320061",
          "set_paid": false,
          "line_items": [
            {
              "name": "Tesamorelin V — 10mg",
              "sku": "woo-392",
              "quantity": 1,
              "total": "130.06",
              "meta_data": []
            }
          ],
          "meta_data": [
            {
              "key": "peppro_order_id",
              "value": "1764278320061"
            },
            {
              "key": "peppro_total",
              "value": 176.21
            },
            {
              "key": "peppro_created_at",
              "value": "2025-11-27T21:18:40.061Z"
            },
            {
              "key": "peppro_origin",
              "value": "PepPro Web Checkout"
            },
            {
              "key": "_order_number",
              "value": "1764278320061"
            },
            {
              "key": "_order_number_formatted",
              "value": "1764278320061"
            },
            {
              "key": "peppro_display_order_id",
              "value": "1764278320061"
            },
            {
              "key": "peppro_shipping_total",
              "value": 46.15
            },
            {
              "key": "peppro_shipping_estimate",
              "value": "{\"carrierId\":null,\"serviceCode\":\"ups_next_day_air\",\"serviceType\":\"ups_next_day_air\",\"estimatedDeliveryDays\":0,\"deliveryDateGuaranteed\":null,\"rate\":46.15,\"currency\":\"USD\",\"addressFingerprint\":\"d3f48189227e0d2f85a3eb25a3fcb48008e48023\"}"
            }
          ],
          "billing": {
            "first_name": "Jackelyn Kelley",
            "email": "diggledadiggz@gmail.com"
          },
          "shipping": {
            "first_name": "Jackelyn Kelley",
            "address_1": "6330 S County Line Rd",
            "address_2": "",
            "city": "Burr Ridge",
            "state": "IL",
            "postcode": "60527",
            "country": "US"
          },
          "shipping_lines": [
            {
              "method_id": "peppro_shipstation",
              "method_title": "PepPro Shipping",
              "total": "46.15"
            }
          ]
        },
        "response": {
          "id": 446,
          "number": "446",
          "status": "pending",
          "payment_url": "https://shop.peppro.net/checkout/order-pay/446/?pay_for_order=true&key=wc_order_oyYb0kmnFXDgB",
          "order_key": "wc_order_oyYb0kmnFXDgB"
        }
      },
      "shipStation": {
        "status": "error",
        "message": "ShipStation order creation failed",
        "details": {
          "message": "Request failed with status code 400"
        }
      },
      "stripe": {
        "status": "success",
        "clientSecret": "pi_3SYCaNLdQwKDgAgZ2lXw44Z8_secret_U8gFm6bHKhDvH2BtGh5pcbd47",
        "paymentIntentId": "pi_3SYCaNLdQwKDgAgZ2lXw44Z8",
        "eventType": "succeeded",
        "lastSyncAt": "2025-11-27T21:19:13.599Z",
        "wooUpdate": null
      },
      "shipEngine": {
        "status": "skipped",
        "reason": "shipstation_enabled"
      },
      "inventorySync": {
        "status": "completed",
        "total": 1,
        "results": [
          {
            "sku": "woo-392",
            "status": "shipstation_not_found"
          }
        ]
      },
      "mysql": {
        "status": "skipped",
        "reason": "mysql_disabled"
      }
    },
    "wooOrderId": "446",
    "wooOrderNumber": "446",
    "paymentIntentId": "pi_3SYCaNLdQwKDgAgZ2lXw44Z8",
    "paymentMethod": "Card on file"
  },
  {
    "id": "1764392184170",
    "userId": "1763997887996",
    "items": [
      {
        "cartItemId": "woo-397::woo-variation-400",
        "productId": "woo-397",
        "variantId": "woo-variation-400",
        "name": "Dual Agonist GLP-1 + GIP (Tir) V — 40mg",
        "price": 272.29,
        "quantity": 1,
        "note": null,
        "position": 1
      }
    ],
    "total": 318.44,
    "taxTotal": 0,
    "itemsSubtotal": 272.29,
    "shippingTotal": 46.15,
    "shippingEstimate": {
      "carrierId": null,
      "serviceCode": "ups_next_day_air",
      "serviceType": "ups_next_day_air",
      "estimatedDeliveryDays": 0,
      "deliveryDateGuaranteed": null,
      "rate": 46.15,
      "currency": "USD",
      "addressFingerprint": "d3f48189227e0d2f85a3eb25a3fcb48008e48023"
    },
    "shippingAddress": {
      "name": "Jackelyn Kelley",
      "company": null,
      "addressLine1": "6330 S County Line Rd",
      "addressLine2": "",
      "city": "Burr Ridge",
      "state": "IL",
      "postalCode": "60527",
      "country": "US",
      "phone": null
    },
    "billingAddress": {
      "name": "Jackelyn Kelley",
      "company": null,
      "addressLine1": "6330 S County Line Rd",
      "addressLine2": null,
      "city": "Burr Ridge",
      "state": "IL",
      "postalCode": "60527",
      "country": "US",
      "phone": "6302584773",
      "email": "diggledadiggz@gmail.com"
    },
    "referralCode": null,
    "status": "paid",
    "createdAt": "2025-11-29T04:56:24.170Z",
    "physicianCertificationAccepted": true,
    "integrations": {
      "wooCommerce": "success",
      "stripe": "success",
      "shipEngine": "skipped",
      "shipStation": "error",
      "inventorySync": "completed",
      "mysql": "skipped"
    },
    "integrationDetails": {
      "wooCommerce": {
        "status": "success",
        "payload": {
          "status": "pending",
          "created_via": "peppro_app",
          "customer_note": "PepPro Order 1764392184170",
          "set_paid": false,
          "line_items": [
            {
              "name": "Dual Agonist GLP-1 + GIP (Tir) V — 40mg",
              "sku": "woo-397",
              "quantity": 1,
              "total": "272.29",
              "meta_data": []
            }
          ],
          "meta_data": [
            {
              "key": "peppro_order_id",
              "value": "1764392184170"
            },
            {
              "key": "peppro_total",
              "value": 318.44
            },
            {
              "key": "peppro_created_at",
              "value": "2025-11-29T04:56:24.170Z"
            },
            {
              "key": "peppro_origin",
              "value": "PepPro Web Checkout"
            },
            {
              "key": "_order_number",
              "value": "1764392184170"
            },
            {
              "key": "_order_number_formatted",
              "value": "1764392184170"
            },
            {
              "key": "peppro_display_order_id",
              "value": "1764392184170"
            },
            {
              "key": "peppro_shipping_total",
              "value": 46.15
            },
            {
              "key": "peppro_shipping_estimate",
              "value": "{\"carrierId\":null,\"serviceCode\":\"ups_next_day_air\",\"serviceType\":\"ups_next_day_air\",\"estimatedDeliveryDays\":0,\"deliveryDateGuaranteed\":null,\"rate\":46.15,\"currency\":\"USD\",\"addressFingerprint\":\"d3f48189227e0d2f85a3eb25a3fcb48008e48023\"}"
            }
          ],
          "billing": {
            "first_name": "Jackelyn Kelley",
            "email": "diggledadiggz@gmail.com"
          },
          "shipping": {
            "first_name": "Jackelyn Kelley",
            "address_1": "6330 S County Line Rd",
            "address_2": "",
            "city": "Burr Ridge",
            "state": "IL",
            "postcode": "60527",
            "country": "US"
          },
          "shipping_lines": [
            {
              "method_id": "peppro_shipstation",
              "method_title": "PepPro Shipping",
              "total": "46.15"
            }
          ]
        },
        "response": {
          "id": 447,
          "number": "447",
          "status": "pending",
          "payment_url": "https://shop.peppro.net/checkout/order-pay/447/?pay_for_order=true&key=wc_order_qorlJvYw153bZ",
          "order_key": "wc_order_qorlJvYw153bZ"
        }
      },
      "shipStation": {
        "status": "error",
        "message": "ShipStation order creation failed",
        "details": {
          "message": "Request failed with status code 400"
        }
      },
      "stripe": {
        "status": "success",
        "clientSecret": "pi_3SYgCtLdQwKDgAgZ1t9P4QNH_secret_mIplmXicaVMY6hHXjnAyTWy5l",
        "paymentIntentId": "pi_3SYgCtLdQwKDgAgZ1t9P4QNH",
        "eventType": "succeeded",
        "lastSyncAt": "2025-11-29T04:56:56.954Z",
        "wooUpdate": null
      },
      "shipEngine": {
        "status": "skipped",
        "reason": "shipstation_enabled"
      },
      "inventorySync": {
        "status": "completed",
        "total": 1,
        "results": [
          {
            "sku": "woo-397",
            "status": "shipstation_not_found"
          }
        ]
      },
      "mysql": {
        "status": "skipped",
        "reason": "mysql_disabled"
      }
    },
    "wooOrderId": "447",
    "wooOrderNumber": "447",
    "paymentIntentId": "pi_3SYgCtLdQwKDgAgZ1t9P4QNH",
    "paymentMethod": "Card on file"
  },
  {
    "id": "1764401471224",
    "userId": "1763997887996",
    "items": [
      {
        "cartItemId": "woo-448::woo-variation-449",
        "productId": "woo-448",
        "variantId": "woo-variation-449",
        "name": "PT-141 / Oxytocin / Tesamorelin N — 10mg / 3mg / 10mg",
        "price": 236.84,
        "quantity": 1,
        "note": null,
        "position": 1
      }
    ],
    "total": 282.99,
    "taxTotal": 0,
    "itemsSubtotal": 236.84,
    "shippingTotal": 46.15,
    "shippingEstimate": {
      "carrierId": null,
      "serviceCode": "ups_next_day_air",
      "serviceType": "ups_next_day_air",
      "estimatedDeliveryDays": 0,
      "deliveryDateGuaranteed": null,
      "rate": 46.15,
      "currency": "USD",
      "addressFingerprint": "d3f48189227e0d2f85a3eb25a3fcb48008e48023"
    },
    "shippingAddress": {
      "name": "Jackelyn Kelley",
      "company": null,
      "addressLine1": "6330 S County Line Rd",
      "addressLine2": "",
      "city": "Burr Ridge",
      "state": "IL",
      "postalCode": "60527",
      "country": "US",
      "phone": null
    },
    "billingAddress": {
      "name": "Jackelyn Kelley",
      "company": null,
      "addressLine1": "6330 S County Line Rd",
      "addressLine2": null,
      "city": "Burr Ridge",
      "state": "IL",
      "postalCode": "60527",
      "country": "US",
      "phone": "6302584773",
      "email": "diggledadiggz@gmail.com"
    },
    "referralCode": null,
    "status": "paid",
    "createdAt": "2025-11-29T07:31:11.224Z",
    "physicianCertificationAccepted": true,
    "integrations": {
      "wooCommerce": "success",
      "stripe": "success",
      "shipEngine": "skipped",
      "shipStation": "error",
      "inventorySync": "completed",
      "mysql": "skipped"
    },
    "integrationDetails": {
      "wooCommerce": {
        "status": "success",
        "payload": {
          "status": "pending",
          "created_via": "peppro_app",
          "customer_note": "PepPro Order 1764401471224",
          "set_paid": false,
          "line_items": [
            {
              "name": "PT-141 / Oxytocin / Tesamorelin N — 10mg / 3mg / 10mg",
              "sku": "woo-448",
              "quantity": 1,
              "total": "236.84",
              "meta_data": []
            }
          ],
          "meta_data": [
            {
              "key": "peppro_order_id",
              "value": "1764401471224"
            },
            {
              "key": "peppro_total",
              "value": 282.99
            },
            {
              "key": "peppro_created_at",
              "value": "2025-11-29T07:31:11.224Z"
            },
            {
              "key": "peppro_origin",
              "value": "PepPro Web Checkout"
            },
            {
              "key": "_order_number",
              "value": "1764401471224"
            },
            {
              "key": "_order_number_formatted",
              "value": "1764401471224"
            },
            {
              "key": "peppro_display_order_id",
              "value": "1764401471224"
            },
            {
              "key": "peppro_shipping_total",
              "value": 46.15
            },
            {
              "key": "peppro_shipping_estimate",
              "value": "{\"carrierId\":null,\"serviceCode\":\"ups_next_day_air\",\"serviceType\":\"ups_next_day_air\",\"estimatedDeliveryDays\":0,\"deliveryDateGuaranteed\":null,\"rate\":46.15,\"currency\":\"USD\",\"addressFingerprint\":\"d3f48189227e0d2f85a3eb25a3fcb48008e48023\"}"
            }
          ],
          "billing": {
            "first_name": "Jackelyn Kelley",
            "email": "diggledadiggz@gmail.com"
          },
          "shipping": {
            "first_name": "Jackelyn Kelley",
            "address_1": "6330 S County Line Rd",
            "address_2": "",
            "city": "Burr Ridge",
            "state": "IL",
            "postcode": "60527",
            "country": "US"
          },
          "shipping_lines": [
            {
              "method_id": "peppro_shipstation",
              "method_title": "PepPro Shipping",
              "total": "46.15"
            }
          ]
        },
        "response": {
          "id": 450,
          "number": "450",
          "status": "pending",
          "payment_url": "https://shop.peppro.net/checkout/order-pay/450/?pay_for_order=true&key=wc_order_Zrs7CT19VqUbj",
          "order_key": "wc_order_Zrs7CT19VqUbj"
        }
      },
      "shipStation": {
        "status": "error",
        "message": "ShipStation order creation failed",
        "details": {
          "message": "Request failed with status code 400"
        }
      },
      "stripe": {
        "status": "success",
        "clientSecret": "pi_3SYiciLdQwKDgAgZ3jSJqbuI_secret_LrCfV2uxrR1ezsXnpUAftHyoO",
        "paymentIntentId": "pi_3SYiciLdQwKDgAgZ3jSJqbuI",
        "eventType": "succeeded",
        "lastSyncAt": "2025-11-29T07:31:43.459Z",
        "wooUpdate": {
          "status": "success",
          "response": {
            "id": 450,
            "status": "processing"
          }
        }
      },
      "shipEngine": {
        "status": "skipped",
        "reason": "shipstation_enabled"
      },
      "inventorySync": {
        "status": "completed",
        "total": 1,
        "results": [
          {
            "sku": "woo-448",
            "status": "shipstation_not_found"
          }
        ]
      },
      "mysql": {
        "status": "skipped",
        "reason": "mysql_disabled"
      }
    },
    "wooOrderId": "450",
    "wooOrderNumber": "450",
    "paymentIntentId": "pi_3SYiciLdQwKDgAgZ3jSJqbuI",
    "paymentMethod": "Card on file"
  }
]