[
  {
    "id": 211,
    "name": "GLP-1 (Sema)",
    "slug": "glp-1-sema",
    "permalink": "https:\/\/shop.peppro.net\/product\/glp-1-sema\/",
    "date_created": "2025-11-10T02:47:32",
    "date_created_gmt": "2025-11-10T02:47:32",
    "date_modified": "2025-11-12T22:32:28",
    "date_modified_gmt": "2025-11-12T22:32:28",
    "type": "variable",
    "status": "publish",
    "featured": false,
    "catalog_visibility": "visible",
    "description": "",
    "short_description": "",
    "sku": "GLP-1-SEMA-PARENT",
    "price": "80.39",
    "regular_price": "",
    "sale_price": "",
    "date_on_sale_from": null,
    "date_on_sale_from_gmt": null,
    "date_on_sale_to": null,
    "date_on_sale_to_gmt": null,
    "on_sale": false,
    "purchasable": true,
    "total_sales": 0,
    "virtual": false,
    "downloadable": false,
    "downloads": [],
    "download_limit": -1,
    "download_expiry": -1,
    "external_url": "",
    "button_text": "",
    "tax_status": "taxable",
    "tax_class": "",
    "manage_stock": false,
    "stock_quantity": null,
    "backorders": "no",
    "backorders_allowed": false,
    "backordered": false,
    "low_stock_amount": null,
    "sold_individually": false,
    "weight": "",
    "dimensions": { "length": "", "width": "", "height": "" },
    "shipping_required": true,
    "shipping_taxable": true,
    "shipping_class": "",
    "shipping_class_id": 0,
    "reviews_allowed": true,
    "average_rating": "0.00",
    "rating_count": 0,
    "upsell_ids": [],
    "cross_sell_ids": [],
    "parent_id": 0,
    "purchase_note": "",
    "categories": [
      {
        "id": 17,
        "name": "Nasal \/ Oral Sprays (15ml White Bottle w\/ Spray Top)",
        "slug": "nasal-oral-sprays-15ml-white-bottle-w-spray-top"
      }
    ],
    "brands": [],
    "tags": [],
    "images": [
      {
        "id": 249,
        "date_created": "2025-11-12T18:14:15",
        "date_created_gmt": "2025-11-12T18:14:15",
        "date_modified": "2025-11-12T18:14:15",
        "date_modified_gmt": "2025-11-12T18:14:15",
        "src": "https:\/\/shop.peppro.net\/wp-content\/uploads\/2025\/11\/Vial_label-GLP-sema_10.jpg",
        "name": "Vial_label-GLP sema_10",
        "alt": "",
        "srcset": "https:\/\/shop.peppro.net\/wp-content\/uploads\/2025\/11\/Vial_label-GLP-sema_10.jpg 1200w, https:\/\/shop.peppro.net\/wp-content\/uploads\/2025\/11\/Vial_label-GLP-sema_10-200x300.jpg 200w, https:\/\/shop.peppro.net\/wp-content\/uploads\/2025\/11\/Vial_label-GLP-sema_10-683x1024.jpg 683w, https:\/\/shop.peppro.net\/wp-content\/uploads\/2025\/11\/Vial_label-GLP-sema_10-768x1152.jpg 768w, https:\/\/shop.peppro.net\/wp-content\/uploads\/2025\/11\/Vial_label-GLP-sema_10-1024x1536.jpg 1024w, https:\/\/shop.peppro.net\/wp-content\/uploads\/2025\/11\/Vial_label-GLP-sema_10-600x900.jpg 600w",
        "sizes": "(max-width: 1200px) 100vw, 1200px",
        "thumbnail": "https:\/\/shop.peppro.net\/wp-content\/uploads\/2025\/11\/Vial_label-GLP-sema_10-300x300.jpg"
      }
    ],
    "attributes": [
      { "id": 0, "name": "Amount", "slug": "Amount", "position": 0, "visible": true, "variation": true, "options": ["5mg", "10mg", "20mg"] }
    ],
    "default_attributes": [],
    "variations": [215, 216, 217],
    "grouped_products": [],
    "menu_order": 0,
    "price_html": "\t\t<span class=\"tiered-pricing-dynamic-price-wrapper tiered-pricing-dynamic-price-wrapper--variable\"\n\t\t\t  data-display-context=\"shop-loop\"\n\t\t\t  data-price-type=\"dynamic\"\n\t\t\t  data-product-id=\"211\"\n\t\t\t  data-parent-id=\"211\">\n\t\t\t<span class=\"woocommerce-Price-amount amount\" aria-hidden=\"true\"><bdi><span class=\"woocommerce-Price-currencySymbol\">&#36;<\/span>80.39<\/bdi><\/span> <span aria-hidden=\"true\">&ndash;<\/span> <span class=\"woocommerce-Price-amount amount\" aria-hidden=\"true\"><bdi><span class=\"woocommerce-Price-currencySymbol\">&#36;<\/span>164.92<\/bdi><\/span><span class=\"screen-reader-text\">Price range: &#36;80.39 through &#36;164.92<\/span><\/span>",
    "related_ids": [],
    "meta_data": [
      { "id": 2842, "key": "peppro_tier_10001+_price", "value": "" },
      { "id": 2843, "key": "peppro_tier_1001+_price", "value": "" },
      { "id": 2844, "key": "peppro_tier_101–250_price", "value": "64" },
      { "id": 2845, "key": "peppro_tier_11–25_price", "value": "76" },
      { "id": 2846, "key": "peppro_tier_1–10_price", "value": "80.39" },
      { "id": 2847, "key": "peppro_tier_251–500_price", "value": "60" },
      { "id": 2848, "key": "peppro_tier_26–50_price", "value": "72" },
      { "id": 2849, "key": "peppro_tier_3001+_price", "value": "" },
      { "id": 2850, "key": "peppro_tier_5001+_price", "value": "" },
      { "id": 2851, "key": "peppro_tier_501–1000_price", "value": "58" },
      { "id": 2852, "key": "peppro_tier_51–100_price", "value": "68" },
      { "id": 2853, "key": "peppro_tiers_note", "value": "" },
      { "id": 3340, "key": "_fixed_price_rules", "value": [] },
      { "id": 3369, "key": "_tiered_pricing_template", "value": "table" }
    ],
    "stock_status": "instock",
    "has_options": true,
    "post_password": "",
    "global_unique_id": "",
    "jetpack_sharing_enabled": true,
    "tiered_pricing_type": "fixed",
    "tiered_pricing_fixed_rules": [],
    "tiered_pricing_product_settings": { "layout": "table", "base_unit_name": { "singular": null, "plural": null }, "default_variation": null },
    "tiered_pricing_minimum_quantity": null,
    "tiered_pricing_roles_data": [],
    "tiered_pricing_percentage_rules": [],
    "_links": {
      "self": [
        { "href": "https:\/\/shop.peppro.net\/wp-json\/wc\/v3\/products\/211", "targetHints": { "allow": ["GET", "POST", "PUT", "PATCH", "DELETE"] } }
      ],
      "collection": [
        { "href": "https:\/\/shop.peppro.net\/wp-json\/wc\/v3\/products" }
      ]
    }
  }
]
